sample_id,text,title,content,text_length,label,label_id,source_category,source_keyword,source_post_id,like_count,source_file,vividness_emotion,vividness_setting,vulnerability,cognition,tone,volume,resolution,development,emo_shift,total_score,evaluation,model_used
61a97b1cc957ac6c,"对太有感染力的文字保持警惕 我总觉得有些网上广为流传的经验 并不可靠,也许是写的太有感染力,大家总是愿意相信。 比如: 少年心气是不可再生之物。 人的一生只有一个夏天,其他都是在比较。 人不能同时处在青春和抱有对青春的感受。 等等 其实这都是心理暗示。相信的人,我认为ta们也真的会潜移默化的遵循于此。 可是, 可是我觉得就算人到中年,你想的话,依然可以再生少年心气。我觉得干嘛要执着那一个夏天呢?你想的话,你还可以拥有别样的同样或者更加精彩的夏天,可你不愿有这样的想象,若你偏要耽溺于一种自怜的惯性里,固执地宣布“最好的已然逝去”——那又能有什么办法?忧伤比改变和执行做功少,沉浸是一种低功耗模式,只需要叹气流泪羡慕诉苦。叹气流泪、深夜发一条“少年心气不可再生”的文字、与人诉苦 一起感叹——这些动作的能量消耗极低。你只需要躺在沙发上,任由情绪漫灌,就能完成一次“有深度的自我表达”。 可事实上,控制你的大脑,你可以有所选择。 至于我——至少此刻的我——正身处于青春的腹地。我分明能感知到它正在流逝,那份怅然与灼热,恰恰正是我对青春的在场感受。 我不认可那种结论,因为我能同时握住两端。 也许,承认这样的事是一种省力的方式就能提现自己是一个有故事的人。可我仍觉得这是一种 被认为看似深沉成熟 的潮流陷阱。 更是一个剑指自己的心理暗示。 一点点思考[话题] 随笔[话题] 日记[话题] infp[话题]",对太有感染力的文字保持警惕,"我总觉得有些网上广为流传的经验 并不可靠,也许是写的太有感染力,大家总是愿意相信。 比如: 少年心气是不可再生之物。 人的一生只有一个夏天,其他都是在比较。 人不能同时处在青春和抱有对青春的感受。 等等 其实这都是心理暗示。相信的人,我认为ta们也真的会潜移默化的遵循于此。 可是, 可是我觉得就算人到中年,你想的话,依然可以再生少年心气。我觉得干嘛要执着那一个夏天呢?你想的话,你还可以拥有别样的同样或者更加精彩的夏天,可你不愿有这样的想象,若你偏要耽溺于一种自怜的惯性里,固执地宣布“最好的已然逝去”——那又能有什么办法?忧伤比改变和执行做功少,沉浸是一种低功耗模式,只需要叹气流泪羡慕诉苦。叹气流泪、深夜发一条“少年心气不可再生”的文字、与人诉苦 一起感叹——这些动作的能量消耗极低。你只需要躺在沙发上,任由情绪漫灌,就能完成一次“有深度的自我表达”。 可事实上,控制你的大脑,你可以有所选择。 至于我——至少此刻的我——正身处于青春的腹地。我分明能感知到它正在流逝,那份怅然与灼热,恰恰正是我对青春的在场感受。 我不认可那种结论,因为我能同时握住两端。 也许,承认这样的事是一种省力的方式就能提现自己是一个有故事的人。可我仍觉得这是一种 被认为看似深沉成熟 的潮流陷阱。 更是一个剑指自己的心理暗示。 一点点思考[话题] 随笔[话题] 日记[话题] infp[话题]",601,青春随笔,0,情感故事,青春随笔,1,29302,raw_real_texts2.csv,6.0,2.0,6.0,10.0,6.0,4.0,6.0,4.0,4.0,5.54,综合评价：该文本以理性思辨为主，认知表述丰富度极高，对流行观点进行了深入剖析，展现了作者的独立思考能力。然而，文本缺乏具体场景和情节支撑，情感与环境生动性不足，角色脆弱性体现有限，导致共情唤起主要依赖认知共鸣而非情感代入。整体上，文本在引发读者理性反思方面有优势，但在情感感染力和故事性上有所欠缺。,deepseek-chat
07d44b2d3a8ead8e,"十三岁,我拥有一颗感伤的心脏,为命运多舛而叹气 命运,某天我也想将你轻描淡写。存放在日记本里,像一滴泪缓缓划过脸颊。可是,你偏偏在痛苦而孤独的周折里,与我纠缠不清,从纸页的文字里洇开,化作连绵的雨季,打湿了为幸福封存的留白。于是,痛苦拥抱了我,成为十三岁的底色 痛苦的气息越来越清晰,幸福的脚步便越来越急促 漫长的十三岁里,为什么幸福总是短暂?随着成长一并而来的是沉重心事,填满了生命的纹理,透支了鲜活的期待。藏不住的心事生长为一棵树,停驻在我的心脏,扎得很深很深。在泪水的雨季里,树杈延向了小小的天,遮得密不透风。我开始感受不到世界的喧嚣,只剩下安静的痛苦 我的十三岁和雨有一个共同点,青涩而仓促 我试图用敏感的心感知这个世界,代替迟顿的感官。然而然而,世界对我太清晰。清晰到难以承受幸福的分量,只剩下丰盈的痛苦,慢慢涌入心脏的那片干涸地,充沛成一片苦涩的海 我的痛,我的泪,我的伤被欲言又止,如鲠在喉。十三岁的我沉默着接下一切,只为幸福降临时稳稳落地,长久拥有 于是,我不再哭泣,幸福像雨下个不停 命运 随笔 原创随笔 上热门 寄秋戏雾 图源于 最近可能会多次重发","命运,某天我也想将你轻描淡写","十三岁,我拥有一颗感伤的心脏,为命运多舛而叹气 命运,某天我也想将你轻描淡写。存放在日记本里,像一滴泪缓缓划过脸颊。可是,你偏偏在痛苦而孤独的周折里,与我纠缠不清,从纸页的文字里洇开,化作连绵的雨季,打湿了为幸福封存的留白。于是,痛苦拥抱了我,成为十三岁的底色 痛苦的气息越来越清晰,幸福的脚步便越来越急促 漫长的十三岁里,为什么幸福总是短暂?随着成长一并而来的是沉重心事,填满了生命的纹理,透支了鲜活的期待。藏不住的心事生长为一棵树,停驻在我的心脏,扎得很深很深。在泪水的雨季里,树杈延向了小小的天,遮得密不透风。我开始感受不到世界的喧嚣,只剩下安静的痛苦 我的十三岁和雨有一个共同点,青涩而仓促 我试图用敏感的心感知这个世界,代替迟顿的感官。然而然而,世界对我太清晰。清晰到难以承受幸福的分量,只剩下丰盈的痛苦,慢慢涌入心脏的那片干涸地,充沛成一片苦涩的海 我的痛,我的泪,我的伤被欲言又止,如鲠在喉。十三岁的我沉默着接下一切,只为幸福降临时稳稳落地,长久拥有 于是,我不再哭泣,幸福像雨下个不停 命运 随笔 原创随笔 上热门 寄秋戏雾 图源于 最近可能会多次重发",484,青春随笔,0,情感故事,青春随笔,6,22962,raw_real_texts.csv,10.0,6.0,6.0,6.0,2.0,4.0,4.0,4.0,4.0,7.56,综合评价：该文本在情感生动性上表现突出，通过丰富的比喻和意象深刻传达了十三岁少年的痛苦与孤独，能有效唤起读者的情感共鸣。然而，文本在环境描写、情节体量和角色发展方面较为薄弱，缺乏具体事件支撑，使得叙事略显单薄。语气整体悲观，矛盾解决和情绪转变程度较低，但结尾的意象为文本增添了一丝希望。总体而言，文本在情感渲染上极具感染力，但在叙事完整性和角色成长方面仍有提升空间。,deepseek-chat
a334ebf510971f26,"“我的青春太过于安静,以至于......” 少年时期待的故事,似乎一个都没发生。没有清秀的女生在校门口冲我微笑,没有电影里炽热的表白场景,没有激情洋溢的校园时光,也没有恣意而为的潇洒。我的青春没有大事,只有些微末的点滴,像凌晨四点黄昏般静谧的梦。 那时的生活,总让人觉得经不起描述——每一天都平平无奇,倒是静默的日子,对我格外关照。 一个人吃饭时,看后窗的木槿从春开到秋静;傍晚把书本摊在老旧的桌子上,偶尔抬头,眼神撞上窗外绵延的树影。风吹过枝叶,有种说不出来的安宁。记得夏天的某个傍晚,夕阳斜斜地落在我的书本上,投下半透明的光影。 青春的静就是这样,带着一点浪漫的荒凉。没有烈火般的恋爱,也没有话剧般的冲突成长,但这一份安静却有自己的重量。 我以为,安静的青春就是无趣的象征。 后来才明白,安静,并不是它的缺点,反而是岁月的一种馈赠。没有大起大落,没有浓烈的情感冲撞,但它也有细微的美好。那些黄昏时刻,那些孤独的街道,那些看似无声无息的日常,它们为青春描绘了一道温柔的底色。 原来我们就是青春[话题] 成长[话题] 治愈[话题] 随笔[话题] 青春是一本仓促的书[话题] 那是我们再也回不去的青春[话题] 我的青春[话题] 校园[话题] 致青春[话题] 暗恋[话题]","“我的青春太过于安静,以至于......”","少年时期待的故事,似乎一个都没发生。没有清秀的女生在校门口冲我微笑,没有电影里炽热的表白场景,没有激情洋溢的校园时光,也没有恣意而为的潇洒。我的青春没有大事,只有些微末的点滴,像凌晨四点黄昏般静谧的梦。 那时的生活,总让人觉得经不起描述——每一天都平平无奇,倒是静默的日子,对我格外关照。 一个人吃饭时,看后窗的木槿从春开到秋静;傍晚把书本摊在老旧的桌子上,偶尔抬头,眼神撞上窗外绵延的树影。风吹过枝叶,有种说不出来的安宁。记得夏天的某个傍晚,夕阳斜斜地落在我的书本上,投下半透明的光影。 青春的静就是这样,带着一点浪漫的荒凉。没有烈火般的恋爱,也没有话剧般的冲突成长,但这一份安静却有自己的重量。 我以为,安静的青春就是无趣的象征。 后来才明白,安静,并不是它的缺点,反而是岁月的一种馈赠。没有大起大落,没有浓烈的情感冲撞,但它也有细微的美好。那些黄昏时刻,那些孤独的街道,那些看似无声无息的日常,它们为青春描绘了一道温柔的底色。 原来我们就是青春[话题] 成长[话题] 治愈[话题] 随笔[话题] 青春是一本仓促的书[话题] 那是我们再也回不去的青春[话题] 我的青春[话题] 校园[话题] 致青春[话题] 暗恋[话题]",534,青春随笔,0,情感故事,青春随笔,3,22152,raw_real_texts2.csv,6.0,6.0,6.0,6.0,6.0,4.0,6.0,6.0,4.0,5.88,综合评价：文本以细腻的笔触描绘了安静的青春，在环境生动性和认知思考方面有一定表现，能够唤起读者对平凡青春的共鸣。但情感表达较为内敛，情节体量不足，角色脆弱性和情绪转变程度有限，整体共情力中等。优势在于对'安静'主题的深刻反思，不足在于缺乏强烈的情感张力和具体情节支撑。,deepseek-chat
6ec498885ab867c5,“我的青春是朴素的” 云序言 淼嘉恋专属话题 随笔 青春是一本仓促的书 这就是青春 那是我再也回不去的青春 青春是那么美好 我的青春落幕了 青春是一场盛夏 我的青春回头看了我一眼,“我的青春是朴素的”,云序言 淼嘉恋专属话题 随笔 青春是一本仓促的书 这就是青春 那是我再也回不去的青春 青春是那么美好 我的青春落幕了 青春是一场盛夏 我的青春回头看了我一眼,89,青春随笔,0,情感故事,青春随笔,26,21811,raw_real_texts.csv,6.0,2.0,2.0,6.0,4.0,4.0,2.0,2.0,4.0,4.54,综合评价：该文本以简洁的语句表达了对青春逝去的普遍性感慨，情感基调统一，但缺乏具体细节和个人化叙事，导致情感生动性和角色脆弱性不足。环境描写几乎缺失，情节体量小，矛盾解决和角色发展均未体现，整体共情力较弱。若能补充具体场景、个人经历和情感转折，将更能唤起读者的共鸣。,deepseek-chat
a0e0951eed158269,"她是我十七岁左胸口的一拓淤青。 写一点青橘味的、爱与伤痛辨不分明的高中时代,两个女孩子的故事。 - “如果你看我的电影/听我爱的CD/如果你能带我一起旅行。” “如果你会开始相信/这般恋爱心情/如果你能给我如果的事。” ——范玮琪/张韶涵《如果的事》 - 看向她的时候发现她也正看向我,眼睛黑白分明,专注得仿佛整个世界里只有我的身影。对视了几秒后,我们不由自主地笑起来。于是我的心动和无措被很好地掩饰,在很久很久之后我想起它们,它们才会被这样定义。而她是我十七岁左胸口上的一拓淤青,只有我走出了那些季节,才会意识到自己止步不前的种种,承认自己不够坦诚的内心,以及离开她后我后知后觉的疼痛——但我也同时知道,是她让我见到了与过去全然不同的四季,让我开始相信,旷远的岁月里永远存在一个名为爱的支点。 最后的最后,手机屏幕亮起,弹出的是她的回复。 她说。好,那就冬天见。 短篇 文章 原创 原创随笔 小说 我会被文字打动 碎碎念 青春 INFJ",她是我十七岁左胸口的一拓淤青。,"写一点青橘味的、爱与伤痛辨不分明的高中时代,两个女孩子的故事。 - “如果你看我的电影/听我爱的CD/如果你能带我一起旅行。” “如果你会开始相信/这般恋爱心情/如果你能给我如果的事。” ——范玮琪/张韶涵《如果的事》 - 看向她的时候发现她也正看向我,眼睛黑白分明,专注得仿佛整个世界里只有我的身影。对视了几秒后,我们不由自主地笑起来。于是我的心动和无措被很好地掩饰,在很久很久之后我想起它们,它们才会被这样定义。而她是我十七岁左胸口上的一拓淤青,只有我走出了那些季节,才会意识到自己止步不前的种种,承认自己不够坦诚的内心,以及离开她后我后知后觉的疼痛——但我也同时知道,是她让我见到了与过去全然不同的四季,让我开始相信,旷远的岁月里永远存在一个名为爱的支点。 最后的最后,手机屏幕亮起,弹出的是她的回复。 她说。好,那就冬天见。 短篇 文章 原创 原创随笔 小说 我会被文字打动 碎碎念 青春 INFJ",419,青春随笔,0,情感故事,青春随笔,2,19766,raw_real_texts.csv,6.0,2.0,6.0,6.0,4.0,2.0,4.0,6.0,4.0,5.04,综合评价：该文本以诗意的语言和细腻的内心独白唤起读者对青春暗恋的共鸣，情感表达具有感染力，但环境描写和情节体量较为薄弱，削弱了叙事的沉浸感。角色脆弱性和认知反思有一定深度，但发展过程略显仓促。整体上，文本在情感共鸣方面表现良好，但在叙事完整性和情绪张力上仍有提升空间。,deepseek-chat
394eb28b6613d1af,“如果我们的因果注定折散于十七岁长夜” 我或许就不会轻易提及离别。 原创[话题] 随笔[话题] 情感[话题] 文案[话题] 文字的力量[话题] 暗恋[话题] 遗憾[话题] 青春[话题] infj[话题] infp[话题],“如果我们的因果注定折散于十七岁长夜”,我或许就不会轻易提及离别。 原创[话题] 随笔[话题] 情感[话题] 文案[话题] 文字的力量[话题] 暗恋[话题] 遗憾[话题] 青春[话题] infj[话题] infp[话题],110,青春随笔,0,情感故事,青春随笔,2,16227,raw_real_texts2.csv,2.0,2.0,2.0,2.0,4.0,2.0,2.0,2.0,2.0,2.1,该文本篇幅极短，仅有一句抽象的情感表达，缺乏具体的情节、人物和环境描写，导致其在所有维度上的得分都很低。文本虽然触及了青春遗憾的主题，但表达过于模糊和笼统，未能构建出能够引发读者共情的具体情境或人物形象。整体上，文本的共情唤起能力非常有限，更像是一句简短的感慨而非一个完整的故事。,deepseek-chat
67e7ee59f8161713,“如果我们的因果注定折散于十七岁长夜” 我或许就不会轻易提及离别。 原创 随笔 情感 文案 文字的力量 暗恋 遗憾 青春 infj infp,“如果我们的因果注定折散于十七岁长夜”,我或许就不会轻易提及离别。 原创 随笔 情感 文案 文字的力量 暗恋 遗憾 青春 infj infp,70,青春随笔,0,情感故事,青春随笔,29,16068,raw_real_texts.csv,6.0,2.0,2.0,2.0,4.0,2.0,2.0,2.0,2.0,4.1,综合评价：该文本以极简的语句表达了青春暗恋的遗憾，情感基调明确但缺乏具体细节支撑，导致情感生动性和角色脆弱性不足。环境描写和情节体量极为有限，难以让读者产生沉浸感。认知反思较为浅层，角色发展几乎为零，整体共情唤起能力较弱。若能在情感细节、环境氛围和角色内心活动上加以丰富，将显著提升共情力。,deepseek-chat
91c1316ab45d27bc,"“我们都被困在了十七岁的走廊里” 那时候,总觉得生活太难,可现在想来,被安排、被催促、被明确“该做什么、不该做什么”的时候,竟然是一种奢望的幸福。 他们说高考之后,一切都会好起来。可入了大学后,当不同口音在宿舍碰撞,当五湖四海的生活习惯大相径庭,我才发现,高中时的秩序感,早已是一种不可复刻的温柔。 大学或者工作后,没有人关心你坐在了哪里,没有人检查你听懂了哪一部分的课,没有人耳提面命告诉你“期末考这些重点”,更没有人追着你喊“功课写完了就该睡觉”。 一切都断开了,就像你和父母见面的频率从“每天”变 成了“按月”,和朋友们的久别从周末,变成了一年。 我们变成了大人。 大到再也找不到那种无需试探就能并肩的默契。我们梦里的操场,能重现的,只是高中,无解的数学题,白杨树的绿浪,还有那些操场上无数次顺时针绕行的步伐。 那一刻我明白了,我们无法同时拥有青春,以及对它的感受。 原来我们就是青春 成长 治愈 回到十七岁 原创随笔 情感 校园 那是我再也回不去的青春 我无比庆幸此刻年少 年少时的我们 小红书游学团 生活荣誉博士 生活走读生 约稿",“我们都被困在了十七岁的走廊里”,"那时候,总觉得生活太难,可现在想来,被安排、被催促、被明确“该做什么、不该做什么”的时候,竟然是一种奢望的幸福。 他们说高考之后,一切都会好起来。可入了大学后,当不同口音在宿舍碰撞,当五湖四海的生活习惯大相径庭,我才发现,高中时的秩序感,早已是一种不可复刻的温柔。 大学或者工作后,没有人关心你坐在了哪里,没有人检查你听懂了哪一部分的课,没有人耳提面命告诉你“期末考这些重点”,更没有人追着你喊“功课写完了就该睡觉”。 一切都断开了,就像你和父母见面的频率从“每天”变 成了“按月”,和朋友们的久别从周末,变成了一年。 我们变成了大人。 大到再也找不到那种无需试探就能并肩的默契。我们梦里的操场,能重现的,只是高中,无解的数学题,白杨树的绿浪,还有那些操场上无数次顺时针绕行的步伐。 那一刻我明白了,我们无法同时拥有青春,以及对它的感受。 原来我们就是青春 成长 治愈 回到十七岁 原创随笔 情感 校园 那是我再也回不去的青春 我无比庆幸此刻年少 年少时的我们 小红书游学团 生活荣誉博士 生活走读生 约稿",470,青春随笔,0,情感故事,青春随笔,17,15312,raw_real_texts.csv,6.0,6.0,6.0,6.0,4.0,4.0,4.0,4.0,4.0,5.66,综合评价：文本以怀旧为主线，成功营造了青春逝去的感伤氛围，情感真挚且能引发读者共鸣。但在情感与环境描写上缺乏具体细节，削弱了代入感；情节体量较小，矛盾与解决过程不突出，角色成长和情绪转变的刻画也较为平缓。整体共情力中等，优势在于主题普适性和认知感悟，不足在于叙事深度和情感冲击力。,deepseek-chat
79e29afb4504a43f,"“泪水其实很伟大” 文字 随笔 原创 备忘录文字 年少时,你视泪为卑怯的标签。每一滴清泪沿着咽喉往下沉,坠进胸腔,坠进心脉,一滴,两滴,千千万万滴——它们在那里汇聚成一片不见天日的暗湖。那片湖没有名字,没有声音,甚至没有来处,它们只是沉默地存在着,日日夜夜替你承受着无法言语的重量。 直到沉睡的泪水苏醒。你开始毫无征兆地哭。听歌时猝不及防的共鸣,看故事时感同身受的悲戚,与人交心时猝然涌上的酸涩,都成了泪水倾泻的契机。哭过之后,身体会变得很轻。那些堵在心口的、咽在喉咙里的、说不清道不明的郁结,被泪水一点一点化开,顺着脸颊滑落,落地蒸发。 世人总说哭泣无用,可泪水的伟大,不在于改变世事,而在于接纳所有不堪,拥抱残缺的自己。让你终于不必再伪装坚强,不必再为哭泣感到羞耻。每一次落泪,都是在把那些年流进心里的泪水,一滴一滴地悉数归还。 所以我想,我会一直哭。 直到泪水裹挟所有苦楚奔流,心底再无阴霾。 直到泪水流过的地方,生出柔软的脉络,赋予我新的勇气。",“泪水其实很伟大”,"文字 随笔 原创 备忘录文字 年少时,你视泪为卑怯的标签。每一滴清泪沿着咽喉往下沉,坠进胸腔,坠进心脉,一滴,两滴,千千万万滴——它们在那里汇聚成一片不见天日的暗湖。那片湖没有名字,没有声音,甚至没有来处,它们只是沉默地存在着,日日夜夜替你承受着无法言语的重量。 直到沉睡的泪水苏醒。你开始毫无征兆地哭。听歌时猝不及防的共鸣,看故事时感同身受的悲戚,与人交心时猝然涌上的酸涩,都成了泪水倾泻的契机。哭过之后,身体会变得很轻。那些堵在心口的、咽在喉咙里的、说不清道不明的郁结,被泪水一点一点化开,顺着脸颊滑落,落地蒸发。 世人总说哭泣无用,可泪水的伟大,不在于改变世事,而在于接纳所有不堪,拥抱残缺的自己。让你终于不必再伪装坚强,不必再为哭泣感到羞耻。每一次落泪,都是在把那些年流进心里的泪水,一滴一滴地悉数归还。 所以我想,我会一直哭。 直到泪水裹挟所有苦楚奔流,心底再无阴霾。 直到泪水流过的地方,生出柔软的脉络,赋予我新的勇气。",426,青春随笔,0,情感故事,青春随笔,21,14084,raw_real_texts.csv,10.0,6.0,6.0,10.0,8.0,4.0,8.0,8.0,8.0,8.5,文本以诗意的语言深刻描绘了从压抑到释放的情感历程，情感生动性与认知反思尤为突出，能有效唤起读者对自我脆弱性的共鸣。但情节体量较小，缺乏具体事件支撑，使得角色发展略显抽象。整体上，文本在情感深度与认知升华方面表现出色，但在叙事具体性上稍显不足，可能影响部分读者代入。,deepseek-chat
f1325a5baf0d5b7f,"在青春期要见识一些真正宏伟壮丽的东西 初中有一年跟着家人旅游,路途睡在彻夜行驶的大巴上,半夜被暴雨惊醒。我趴在窗边的水幕舍不得眨眼的看,当时行在四周无人的旷野,两边飞快穿过树的黑影,只有接连从天上炸到底的灿烈的电光,一道道当真得照得像白昼那样,和惊彻磅礴的响雷,狂烈呼啸的风和摔打车窗的暴雨。我在其他人酣睡的沉默的车厢里看,还年轻,不懂这是什么感觉,只在无人回应的夜里感到一种眼眶发热的畅快。 青春期 生活",在青春期要见识一些真正宏伟壮丽的东西,"初中有一年跟着家人旅游,路途睡在彻夜行驶的大巴上,半夜被暴雨惊醒。我趴在窗边的水幕舍不得眨眼的看,当时行在四周无人的旷野,两边飞快穿过树的黑影,只有接连从天上炸到底的灿烈的电光,一道道当真得照得像白昼那样,和惊彻磅礴的响雷,狂烈呼啸的风和摔打车窗的暴雨。我在其他人酣睡的沉默的车厢里看,还年轻,不懂这是什么感觉,只在无人回应的夜里感到一种眼眶发热的畅快。 青春期 生活",203,青春随笔,0,情感故事,青春随笔,24,7905,raw_real_texts.csv,6.0,10.0,6.0,6.0,6.0,4.0,4.0,4.0,6.0,6.4,综合评价：该文本在环境生动性方面表现出色，通过细腻的描写让读者仿佛置身于暴雨夜的旷野中，具有很强的画面感。情感表达虽然真实但较为含蓄，缺乏深度的内心剖析，角色脆弱性和认知表述方面略显不足。整体情节简单，矛盾和发展程度较低，但情绪有一定转变，能够唤起读者对青春记忆的共鸣。,deepseek-chat
7f1283a58cc2dfe8,"我从何时开始爱你 去谈论开始喜欢一个人时间是件很困难的事情。 从这端遥遥地望向开始那端,一种近视的模糊,本能的话语缺失。很难找到开始的那个的端点,汹涌的爱意来临之前也不会有任何体感上的征兆,蚂蚁不会在马路上搬家。 所谓喜欢,更像是在乌鸦喝水,每一个心动的时刻是一颗石子,一颗一颗投进去。当水位终于上升到满溢,水流顺着杯壁作流泪状汩汩留下,才心下轰然,觉察那是爱。 文字 我被文字打动 爱情 暗恋 爱永远是突然降临的 原创",我从何时开始爱你,"去谈论开始喜欢一个人时间是件很困难的事情。 从这端遥遥地望向开始那端,一种近视的模糊,本能的话语缺失。很难找到开始的那个的端点,汹涌的爱意来临之前也不会有任何体感上的征兆,蚂蚁不会在马路上搬家。 所谓喜欢,更像是在乌鸦喝水,每一个心动的时刻是一颗石子,一颗一颗投进去。当水位终于上升到满溢,水流顺着杯壁作流泪状汩汩留下,才心下轰然,觉察那是爱。 文字 我被文字打动 爱情 暗恋 爱永远是突然降临的 原创",210,青春随笔,0,情感故事,青春随笔,20,7712,raw_real_texts.csv,6.0,2.0,6.0,10.0,6.0,4.0,4.0,4.0,6.0,5.52,该文本以独特的比喻和哲思见长，在认知表述丰富度上表现突出，通过'乌鸦喝水'的意象将抽象的爱意具象化，能引发读者对情感本质的思考。然而，文本缺乏具体环境描写和情节支撑，角色脆弱性展现不够深入，导致情感共鸣更多停留在理性层面而非感性体验。整体而言，这是一篇富有智性美感的抒情散文，但在唤起读者深层情感共情方面仍有提升空间。,deepseek-chat
d4bc415f95a6b503,"“祝我们仍有勇气做各自命运的句点” 我当然知道我们还会在此后的二十多岁中淋雨、痛哭、失眠,或许将一个人行色匆匆跋涉过风雪天,孤身在外的时刻也想过故乡的云会不会和我漂泊得同样遥远。但还好一路晦明更迭,庸碌诗行里我们仍有勇气做各自命运的句点,仍然愿意从明天起喂马、劈柴、周游世界,在穿过迷茫与失意后还将去再爱一遍人间。 原创 随笔 情感 文字 成长 祝福 我会被文字打动 青春 infj infp",“祝我们仍有勇气做各自命运的句点”,"我当然知道我们还会在此后的二十多岁中淋雨、痛哭、失眠,或许将一个人行色匆匆跋涉过风雪天,孤身在外的时刻也想过故乡的云会不会和我漂泊得同样遥远。但还好一路晦明更迭,庸碌诗行里我们仍有勇气做各自命运的句点,仍然愿意从明天起喂马、劈柴、周游世界,在穿过迷茫与失意后还将去再爱一遍人间。 原创 随笔 情感 文字 成长 祝福 我会被文字打动 青春 infj infp",196,青春随笔,0,情感故事,青春随笔,8,7600,raw_real_texts.csv,6.0,2.0,6.0,6.0,8.0,4.0,6.0,4.0,6.0,5.36,综合来看，该文本在情感表达上具有一定感染力，通过诗意语言传递了成长中的脆弱与希望，但环境描写和情节体量较为薄弱，削弱了共情的具体性。角色脆弱性体现适中，但缺乏个人化细节，使读者难以深入代入。语气乐观积极，为文本增添了正向情感色彩，但情绪转变和角色发展程度有限。整体上，文本在唤起读者共鸣方面有一定优势，但在叙事深度和细节丰富度上仍有提升空间。,deepseek-chat
6ba7f03a4c6a9e3f,"我见过最虔诚的心,在每双被命运淋漓过雨季的眼中 年轻的游子总以泪水为刻度编年撰史,为博取命运一次恻隐反复践行,学习以尚且单薄莽撞的勇气驯服这场沉重预言。 可是命运,天地之大,你想要我漂泊至何处? 我曾经天南海北的去顿悟,惊天动地的去追逐,做天真的棋子,做蒙尘的明珠,在岿然而漫长的劫难中惘然自处,遥遥等待一场天赐的福咒;我曾经流逝,眼见一颗菲薄的心在你无声默视中消弭殆尽,变成蛰伏在身体深处一枚图腾;我曾经以为你慷慨辽阔,只要身处其中,不必立经幡也闻祝福,不必拜庙宇也受庇佑。直至血流如注,长泪不止,才惊觉与你相较,我不过是五百年前,烟消云散之后一枚愚昧顽石。 命运教我一身孑然,疼痛欲绝,教我固执的生与死,忧患亘久蛰伏,这许许多多的失落与交付,漂泊无岸的尽头,终于懂得所有断裂是为了生长,所有远行是为了回望。 从此我不再畏惧命运了,我相信所有的雨季都是为了回到最初的洋流。 文学 文字 命运的子弹正中眉心 原创 随笔 约稿 命运 infp 情感树洞 时过境迁物是人非",我不再畏惧命运了,"我见过最虔诚的心,在每双被命运淋漓过雨季的眼中 年轻的游子总以泪水为刻度编年撰史,为博取命运一次恻隐反复践行,学习以尚且单薄莽撞的勇气驯服这场沉重预言。 可是命运,天地之大,你想要我漂泊至何处? 我曾经天南海北的去顿悟,惊天动地的去追逐,做天真的棋子,做蒙尘的明珠,在岿然而漫长的劫难中惘然自处,遥遥等待一场天赐的福咒;我曾经流逝,眼见一颗菲薄的心在你无声默视中消弭殆尽,变成蛰伏在身体深处一枚图腾;我曾经以为你慷慨辽阔,只要身处其中,不必立经幡也闻祝福,不必拜庙宇也受庇佑。直至血流如注,长泪不止,才惊觉与你相较,我不过是五百年前,烟消云散之后一枚愚昧顽石。 命运教我一身孑然,疼痛欲绝,教我固执的生与死,忧患亘久蛰伏,这许许多多的失落与交付,漂泊无岸的尽头,终于懂得所有断裂是为了生长,所有远行是为了回望。 从此我不再畏惧命运了,我相信所有的雨季都是为了回到最初的洋流。 文学 文字 命运的子弹正中眉心 原创 随笔 约稿 命运 infp 情感树洞 时过境迁物是人非",434,青春随笔,0,情感故事,青春随笔,15,7246,raw_real_texts.csv,10.0,6.0,6.0,10.0,6.0,6.0,8.0,8.0,8.0,8.48,综合评价：该文本以诗意的语言和密集的意象深刻传达了面对命运时的痛苦、挣扎与最终和解，情感生动性和认知丰富度极高，能强烈唤起读者的情感共鸣。角色从脆弱到顿悟的发展轨迹清晰，矛盾解决彻底，情绪转变富有层次。不足之处在于环境描写较为抽象，个人化细节偏少，可能削弱部分读者的代入感，但整体共情力表现优秀。,deepseek-chat
f028a1180f731f58,"没有任何词句能比“雨季不再来”更好的形容我每次回顾青春往事时的心情。 生命中曾奉为圭臬的沉默、不能开解的结、和自以为天长地久的隐痛居然都随着雨季的结束消失殆尽。曾折磨我不得安睡的理想和恐惧如今成了我生命中平静的湖泊。我依旧追寻它们,却不再迷恋。 在偶尔的书写和表达以及更长时间的沉默中,会梦见高中时的人和事。我最想逃离的自己,你如今过得还好吗? 原来一切就像我曾写过的那样,在没有生长痛的夜晚,人才能品味到青春的回甘。 —— 亲爱的echo,感谢你写下《雨季不再来》 随笔 原创随笔 我会被文字打动 青春 girlstalk 爱是 三毛 icity 漫长的雨季 回忆",雨季不再来,"没有任何词句能比“雨季不再来”更好的形容我每次回顾青春往事时的心情。 生命中曾奉为圭臬的沉默、不能开解的结、和自以为天长地久的隐痛居然都随着雨季的结束消失殆尽。曾折磨我不得安睡的理想和恐惧如今成了我生命中平静的湖泊。我依旧追寻它们,却不再迷恋。 在偶尔的书写和表达以及更长时间的沉默中,会梦见高中时的人和事。我最想逃离的自己,你如今过得还好吗? 原来一切就像我曾写过的那样,在没有生长痛的夜晚,人才能品味到青春的回甘。 —— 亲爱的echo,感谢你写下《雨季不再来》 随笔 原创随笔 我会被文字打动 青春 girlstalk 爱是 三毛 icity 漫长的雨季 回忆",283,青春随笔,0,情感故事,青春随笔,1,7077,raw_real_texts.csv,6.0,2.0,6.0,6.0,6.0,4.0,8.0,6.0,6.0,5.38,综合评价：文本以诗意的语言回顾青春，情感真挚，但缺乏具体场景和细节，导致生动性不足。作者展现了内心的脆弱和成长，但认知反思深度有限。整体语气平和，矛盾解决彻底，但情节体量较小，情绪转变不够鲜明。文本在唤起共情方面有一定优势，但需加强具体描写和情感张力。,deepseek-chat
e93bfa020cc3ed10,"有无朋友进来帮我解析...... 偶然找到了母亲当时的QQ账号 写了很多诗 大家可以解析试试! 以下是当时说说的全部内容꒦ິ^꒦ິ 写于十四年前,那个悲痛的只有黑白两色的青春 -旧曲在颤动的树叶间死了,谁可以让我十四岁殒葬的泪水涅槃或再生,所有的童话般的期冀被判为绝刑。 陈 述 作者 林清浅 暗暝中空白着躯壳 预言家沉默于 预言 还那身着装 自始 至终 围圈内的人 在履行狂妄地嘶喊 妻子、儿女拼命摇着 象牙塔 无奈 原以为留待千年的 披纱 还有人不动声色 有人麻木 机械地抬着花盆、冰块 冰块被热氛谋杀 白色落幕 生命在点滴中融化...... 冬 光着脚丫走来走去 潮涌的泪水是别了的葬花 预言家实现了预言 还那身着装 到底是谁管辖这一片黑白凄惨 被告转过身来--是法官 那么祈祷你是在做什么 膜拜 我该朝哪面墙 诗人[话题] 写诗[话题] 中文系[话题]",有无朋友进来帮我解析......,"偶然找到了母亲当时的QQ账号 写了很多诗 大家可以解析试试! 以下是当时说说的全部内容꒦ິ^꒦ິ 写于十四年前,那个悲痛的只有黑白两色的青春 -旧曲在颤动的树叶间死了,谁可以让我十四岁殒葬的泪水涅槃或再生,所有的童话般的期冀被判为绝刑。 陈 述 作者 林清浅 暗暝中空白着躯壳 预言家沉默于 预言 还那身着装 自始 至终 围圈内的人 在履行狂妄地嘶喊 妻子、儿女拼命摇着 象牙塔 无奈 原以为留待千年的 披纱 还有人不动声色 有人麻木 机械地抬着花盆、冰块 冰块被热氛谋杀 白色落幕 生命在点滴中融化...... 冬 光着脚丫走来走去 潮涌的泪水是别了的葬花 预言家实现了预言 还那身着装 到底是谁管辖这一片黑白凄惨 被告转过身来--是法官 那么祈祷你是在做什么 膜拜 我该朝哪面墙 诗人[话题] 写诗[话题] 中文系[话题]",380,青春随笔,0,情感故事,青春随笔,4,6621,raw_real_texts2.csv,6.0,6.0,6.0,6.0,2.0,4.0,2.0,2.0,4.0,5.44,综合评价：该文本以诗歌形式表达了作者在青春期的深沉悲痛与对命运的质问，情感真挚但表达抽象，削弱了直接共情力。环境与情感意象虽具象征性，但缺乏具体细节，难以让读者完全沉浸。角色脆弱性有所体现，但个人化信息不足，认知思考丰富但隐晦。整体语气极度悲观，情节和矛盾解决程度低，角色无发展，情绪转变有限。文本在唤起共情方面主要依赖其诗意和悲剧氛围，但在叙事性和情感直接性上有所欠缺。,deepseek-chat
d9fd4a74115356f3,"我生命的厚度还不足以赋予我连贯的意象。 即便是最恳切的情绪,盛到纸张上好像也会只剩几行句子的热度。一切都在象征性地弥散,关于往日的印象,那些交叠的手掌、那些恬静的拥抱、那些能由一段简单旋律牵引出的后知后觉,像燃烧的意象被海浪击碎。 即使在夏天,我口中仍然呼着短促的雾气,那是我记忆的蒙太奇。 文字 随笔 原创 碎碎念 我会被文字打动 记忆 生命中的夏天 总会消逝 生命的厚度 单薄如纸",那是我记忆的蒙太奇,"我生命的厚度还不足以赋予我连贯的意象。 即便是最恳切的情绪,盛到纸张上好像也会只剩几行句子的热度。一切都在象征性地弥散,关于往日的印象,那些交叠的手掌、那些恬静的拥抱、那些能由一段简单旋律牵引出的后知后觉,像燃烧的意象被海浪击碎。 即使在夏天,我口中仍然呼着短促的雾气,那是我记忆的蒙太奇。 文字 随笔 原创 碎碎念 我会被文字打动 记忆 生命中的夏天 总会消逝 生命的厚度 单薄如纸",192,青春随笔,0,情感故事,青春随笔,16,5480,raw_real_texts.csv,6.0,2.0,6.0,6.0,4.0,2.0,2.0,2.0,4.0,4.86,该文本以抒情和反思为主，情感表达有一定深度但缺乏具体细节，环境描写和情节体量严重不足，导致共情唤起主要依赖抽象意象而非叙事代入。角色脆弱性中等，但缺少个人化信息，使读者难以产生强烈共鸣。整体语气悲观，情绪转变平缓，故事性和发展性弱，共情力有限。若能补充具体场景和事件，将显著提升文本的感染力。,deepseek-chat
fa993214ccd66bc7,"期末复习总让人有灵感 复习的时候,打游戏,会心慌,放下手柄,觉得时光虚度。但写东西不会,像是回到高中晚自习对着草稿纸发呆的时候,特别满足。 随笔 期末复习 记录 bg 薄荷",期末复习总让人有灵感,"复习的时候,打游戏,会心慌,放下手柄,觉得时光虚度。但写东西不会,像是回到高中晚自习对着草稿纸发呆的时候,特别满足。 随笔 期末复习 记录 bg 薄荷",86,青春随笔,0,情感故事,青春随笔,17,5404,raw_real_texts.csv,6.0,2.0,2.0,6.0,6.0,2.0,4.0,2.0,4.0,4.62,综合评价：该文本以简洁的随笔形式记录了期末复习时打游戏与写东西的对比感受，情感表达真实但不够生动，环境描写和角色脆弱性维度明显不足。认知层面有一定反思，但深度有限。整体共情力中等偏低，主要优势在于真实的生活化体验，不足在于缺乏细节和情感张力，难以让读者产生强烈共鸣。,deepseek-chat
a18fbab6f3469347,"人类最不擅长的事是说再见。 “再见”这个字真的好神奇。它太轻了,像是从口齿之间轻飘飘地叹出来的,飞到未知的远方。它又太重了,落在似水年华里,像一滴积攒已久的泪珠坠落到轻薄的纸上,晕开的是我们的百感交集。又像是重若千钧的陨石毫无征兆地降落在土地上,留下难以填平的沟壑。 “再见”说出口时,周围的空气仿佛都染上了悲情的色彩。我感受到,江海在吐纳,世界在叹息,宇宙在无情地吸吮着时间。 我想,再见这个词,大抵也有很悠久的历史吧。它囊括了太多太多,跨越了王朝的更迭和四季的变迁,从光年之外走向我们眼前,见证着我们从一开始的犹豫不决到后来的落子无悔。 毕业典礼那天,很多事情被带上了“最后一次”的前缀。最后一张合照,最后一次拥抱,最后一次和你说再见,最正式、最有温度的再见。我看着你眼睛里的我自己变得越来越小,看着你的背影,默默地说出了道别的话语。 随后迎来的,是泪眼婆娑。 “再见”这个词,早已穿透了我们生命的涟漪,穿梭在跌宕起伏之间。 我们该说再见,还是再也不见呢? 文字 随笔 我们还会再见的 人总要离别 Icelume 爱 青春 再见 离别 所以说永远多长",人类最不擅长的事是说再见,"人类最不擅长的事是说再见。 “再见”这个字真的好神奇。它太轻了,像是从口齿之间轻飘飘地叹出来的,飞到未知的远方。它又太重了,落在似水年华里,像一滴积攒已久的泪珠坠落到轻薄的纸上,晕开的是我们的百感交集。又像是重若千钧的陨石毫无征兆地降落在土地上,留下难以填平的沟壑。 “再见”说出口时,周围的空气仿佛都染上了悲情的色彩。我感受到,江海在吐纳,世界在叹息,宇宙在无情地吸吮着时间。 我想,再见这个词,大抵也有很悠久的历史吧。它囊括了太多太多,跨越了王朝的更迭和四季的变迁,从光年之外走向我们眼前,见证着我们从一开始的犹豫不决到后来的落子无悔。 毕业典礼那天,很多事情被带上了“最后一次”的前缀。最后一张合照,最后一次拥抱,最后一次和你说再见,最正式、最有温度的再见。我看着你眼睛里的我自己变得越来越小,看着你的背影,默默地说出了道别的话语。 随后迎来的,是泪眼婆娑。 “再见”这个词,早已穿透了我们生命的涟漪,穿梭在跌宕起伏之间。 我们该说再见,还是再也不见呢? 文字 随笔 我们还会再见的 人总要离别 Icelume 爱 青春 再见 离别 所以说永远多长",477,青春随笔,0,情感故事,青春随笔,5,5141,raw_real_texts.csv,10.0,6.0,6.0,10.0,4.0,4.0,4.0,4.0,6.0,8.02,综合评价：该文本在情感生动性和认知表述上表现突出，通过诗意的比喻和哲学思考深刻唤起读者对离别的共情。然而，环境描写和个人化细节不足，削弱了代入感；情节体量较小，矛盾解决不彻底，角色发展有限，整体情绪基调偏悲观，但结尾的期待感为文本增添了一丝温度。总体而言，文本在情感共鸣上成功，但在叙事深度和结构上仍有提升空间。,deepseek-chat
e1442074c1857c8a,为什么曾经意气风发的我们都陷入了一种迷茫 从我个人的角度 我觉得我们这一批普通的学生 好像在没有受过生命教育 还没有对自己有一定的探索甚至根本还不知道要怎么好好的做自己的时候 就只有轰轰烈烈的像海浪一样的 对我们说 高考是唯一的出路读书是你改变命运的钥匙 其实说的都很对 可是我们甚至连对生命对自己都没有一个大概的认识 或者说对于自我与世界的联系还并没有太去感触的时候就被这些“海浪”卷了进去 一点一点 一下一下 被拍在对我们来说很陌生的一片沙滩上 这个时代却不允许我们停下 不允许我们有时间去迎接去面对 去了解更多的关于自己的世界的东西 这么说吧 有时候你让一个还不知道自己的存在是一个什么存在具有怎样的意义的人 你让他脑子里每天都被轰隆的接收那些激昂的慷慨的那些话语 告诉他就这样就这一次 还有各种各样乱七八糟的 他会逐渐的 偏离也许曾经会去的轨道 也会变得迷茫 找不到自己 变的痛苦 甚至有很多年轻的我们 会不知所措 会不小心陷入内耗的怪圈 会生病 可能还会选择放弃这些 可这本不应该的 至少是可以避免的 对吗? 张锡峰[话题] 青少年[话题] 高中生[话题] 随笔[话题] 寻找自己[话题] 做自己[话题],为什么曾经意气风发的我们都陷入了一种迷茫,从我个人的角度 我觉得我们这一批普通的学生 好像在没有受过生命教育 还没有对自己有一定的探索甚至根本还不知道要怎么好好的做自己的时候 就只有轰轰烈烈的像海浪一样的 对我们说 高考是唯一的出路读书是你改变命运的钥匙 其实说的都很对 可是我们甚至连对生命对自己都没有一个大概的认识 或者说对于自我与世界的联系还并没有太去感触的时候就被这些“海浪”卷了进去 一点一点 一下一下 被拍在对我们来说很陌生的一片沙滩上 这个时代却不允许我们停下 不允许我们有时间去迎接去面对 去了解更多的关于自己的世界的东西 这么说吧 有时候你让一个还不知道自己的存在是一个什么存在具有怎样的意义的人 你让他脑子里每天都被轰隆的接收那些激昂的慷慨的那些话语 告诉他就这样就这一次 还有各种各样乱七八糟的 他会逐渐的 偏离也许曾经会去的轨道 也会变得迷茫 找不到自己 变的痛苦 甚至有很多年轻的我们 会不知所措 会不小心陷入内耗的怪圈 会生病 可能还会选择放弃这些 可这本不应该的 至少是可以避免的 对吗? 张锡峰[话题] 青少年[话题] 高中生[话题] 随笔[话题] 寻找自己[话题] 做自己[话题],507,青春随笔,0,情感故事,青春随笔,4,5089,raw_real_texts2.csv,6.0,2.0,6.0,10.0,2.0,4.0,2.0,2.0,4.0,5.16,综合评价：该文本在认知表述丰富度上表现突出，深入探讨了青少年在应试教育下的自我迷失问题，思考深刻。然而，文本在情感和环境生动性上较为欠缺，缺乏具体场景和细节描写，导致共情感染力不足。角色脆弱性虽有所体现，但个人化信息不足，难以让读者产生强烈代入感。整体语气悲观，矛盾未解决，角色无发展，情绪起伏小，使得文本更像一篇哲思随笔而非叙事故事。若能增加具体经历和情感细节，并展现一定的成长或转变，将更能唤起读者共情。,deepseek-chat
f1ac5d25c85b944c,"“二十几岁的生命底色是混乱与懵懂” 我始终不认为,二十几岁是人生的黄金时代。它像是一场突如其来的旋风,带着混乱和痛苦劈头盖脸地冲向每个渴望简单幸福的年轻人。生命底色在熔炉中被重塑,伤痕刻在灵hun深处,变成了只有自己能读懂的语言。 - 到二十几岁,我才不得不承认,这段生命的颜色充满混沌与绞痛。我不会明白何为伤痕,何为焚烧殆尽后的自我只能靠暗号慰藉。我不会懂得成年人如何在一次又一次溺水般的经历中试图靠岸,zui终却不得不承认,岸不一定存在。又或许,岸并不是我们想象中的那个样子。 原来我们就是青春 治愈 成长 随笔 迷茫与成长 小红书原创随笔 永远会被这段文字打动 行走二十岁 情感 约稿展示",“二十几岁的生命底色是混乱与懵懂”,"我始终不认为,二十几岁是人生的黄金时代。它像是一场突如其来的旋风,带着混乱和痛苦劈头盖脸地冲向每个渴望简单幸福的年轻人。生命底色在熔炉中被重塑,伤痕刻在灵hun深处,变成了只有自己能读懂的语言。 - 到二十几岁,我才不得不承认,这段生命的颜色充满混沌与绞痛。我不会明白何为伤痕,何为焚烧殆尽后的自我只能靠暗号慰藉。我不会懂得成年人如何在一次又一次溺水般的经历中试图靠岸,zui终却不得不承认,岸不一定存在。又或许,岸并不是我们想象中的那个样子。 原来我们就是青春 治愈 成长 随笔 迷茫与成长 小红书原创随笔 永远会被这段文字打动 行走二十岁 情感 约稿展示",297,青春随笔,0,情感故事,青春随笔,2,4859,raw_real_texts.csv,6.0,2.0,6.0,6.0,4.0,4.0,2.0,2.0,4.0,4.94,综合评价：该文本以抽象而富有诗意的语言表达了二十几岁的迷茫与痛苦，情感上具有一定的感染力，但缺乏具体场景和细节支撑，导致共情力受限。角色脆弱性表现适中，但认知思考深度不足，情节体量较小，矛盾未得到解决，角色发展不明显。整体语气悲观，情绪转变幅度有限，在唤起读者共情方面，优势在于情感表达的真诚与比喻的生动，不足在于缺乏具体性和叙事性。,deepseek-chat
38e6357a11b7c6f0,"《苦橙子》|致每个女孩失声的青春期 “当语言失效时,身体便开始尖叫” 这篇文字写起来很痛苦,但我希望大家都能自己治愈自己,咽下苦橙子,用声音代替咳嗽, 让那些“未发出的声音”都可以被听到 原创随笔 原创短篇小说 青春期 谁的青春不迷茫 girltalk 软柿子疯起来",《苦橙子》|致每个女孩失声的青春期,"“当语言失效时,身体便开始尖叫” 这篇文字写起来很痛苦,但我希望大家都能自己治愈自己,咽下苦橙子,用声音代替咳嗽, 让那些“未发出的声音”都可以被听到 原创随笔 原创短篇小说 青春期 谁的青春不迷茫 girltalk 软柿子疯起来",133,青春随笔,0,情感故事,青春随笔,6,4617,raw_real_texts.csv,6.0,2.0,6.0,6.0,4.0,2.0,4.0,2.0,4.0,4.92,该文本以隐喻方式表达了青春期失声的痛苦，情感主题明确但缺乏具体细节支撑，环境描写和情节体量均不足。角色脆弱性有一定体现，但认知思考深度有限。语气从悲观转向希望，但情绪转变缺乏铺垫。整体上，文本在唤起共情方面有主题优势，但叙事完整性和细节丰富度有待提升。,deepseek-chat
912df31a97c8368c,"“与珍贵的人一起澎湃。” 付出爱是我的本能,我喜欢为在意的人事激发所有感官,我的眼泪是滚烫的熔岩,我的心疼是冲破屏幕的安抚,我的笑容是因为幸福。我依然拥有敢于不顾一切的能力,哪怕结局是悬崖,我也没想过回头。 因为我知道,全身心爱上什么是人生太难做到的事情,此刻我的生命与你们有关,我不要无味地来去,我要斩钉截铁地留下痕迹。 我被文字打动 infj 文案 原创 情感 随笔 追星 青春 cp 爱自己",“与珍贵的人一起澎湃。”,"付出爱是我的本能,我喜欢为在意的人事激发所有感官,我的眼泪是滚烫的熔岩,我的心疼是冲破屏幕的安抚,我的笑容是因为幸福。我依然拥有敢于不顾一切的能力,哪怕结局是悬崖,我也没想过回头。 因为我知道,全身心爱上什么是人生太难做到的事情,此刻我的生命与你们有关,我不要无味地来去,我要斩钉截铁地留下痕迹。 我被文字打动 infj 文案 原创 情感 随笔 追星 青春 cp 爱自己",198,青春随笔,0,情感故事,青春随笔,18,4353,raw_real_texts.csv,10.0,2.0,6.0,6.0,8.0,4.0,4.0,4.0,4.0,7.26,该文本以强烈的情感表达和生动的比喻成功唤起读者的情感共鸣，尤其在情感生动性上表现突出。然而，文本缺乏具体环境描写和情节支撑，导致共情深度受限。角色脆弱性和认知反思有一定体现，但发展性和情绪转变较弱。整体上，文本适合作为情感宣言，但在叙事完整性和共情层次上仍有提升空间。,deepseek-chat
c93f73a8b3bc9413,"“这些,才是被称作青春的东西” 等你们长大后,回想起高中这三年,你们根本不会记得自己学到了什么,只会想起一些停电的夜晚,食堂某天做得特别好吃的红烧肉,还有全班同学一起看过的影片,这就是后来被你们称作青春的东西。 ps.上面是网传小说里的一段话。 原来我们就是青春 2025高考季 高考应援团 成长 原创随笔 治愈 情感 高中 校园 约稿展示","“这些,才是被称作青春的东西”","等你们长大后,回想起高中这三年,你们根本不会记得自己学到了什么,只会想起一些停电的夜晚,食堂某天做得特别好吃的红烧肉,还有全班同学一起看过的影片,这就是后来被你们称作青春的东西。 ps.上面是网传小说里的一段话。 原来我们就是青春 2025高考季 高考应援团 成长 原创随笔 治愈 情感 高中 校园 约稿展示",170,青春随笔,0,情感故事,青春随笔,22,3439,raw_real_texts.csv,6.0,6.0,6.0,6.0,8.0,4.0,4.0,4.0,4.0,5.86,综合评价：文本以怀旧视角唤起读者对青春的共同记忆，情感真挚但缺乏深度。在情感和环境生动性上表现中等，通过具体意象如停电、红烧肉等引发共鸣，但个人化脆弱性和认知反思不足。语气乐观治愈，但情节体量小、矛盾缺失，导致故事性和角色发展较弱。整体共情力中等，适合作为短篇随笔引发轻度共鸣，但难以带来强烈的情感冲击。,deepseek-chat
25297e4f46274248,"“成长是偷走夏天的小偷” 我也以为夏天会慢慢变好的,树木会更葱郁,阳光会更干净,风声和雨声清晰又动听,直到岁月从我眼前奔走而过,年少时亲手设计构筑的夏天彻底崩塌,烟尘四起。我没有呜咽,没有嚎啕,也没有歇斯底里。直至此刻,我已经变得平静、柔顺,也终于确信:成长是偷走夏天的小偷,所有盛大的幻想终究是难以敌过时间和现实的刀刃。 时间从十八岁碾过、撕扯过,留下了很多细密的疼。夏天是闷热的、潮湿的,蝉鸣是吵嚷的,我停止了一切幻想,接受了夏天只是夏天的真相。 夏天,只是一个季节。 夏天 成长 遗憾",“成长是偷走夏天的小偷”,"我也以为夏天会慢慢变好的,树木会更葱郁,阳光会更干净,风声和雨声清晰又动听,直到岁月从我眼前奔走而过,年少时亲手设计构筑的夏天彻底崩塌,烟尘四起。我没有呜咽,没有嚎啕,也没有歇斯底里。直至此刻,我已经变得平静、柔顺,也终于确信:成长是偷走夏天的小偷,所有盛大的幻想终究是难以敌过时间和现实的刀刃。 时间从十八岁碾过、撕扯过,留下了很多细密的疼。夏天是闷热的、潮湿的,蝉鸣是吵嚷的,我停止了一切幻想,接受了夏天只是夏天的真相。 夏天,只是一个季节。 夏天 成长 遗憾",245,青春随笔,0,情感故事,青春随笔,25,2315,raw_real_texts.csv,6.0,6.0,6.0,6.0,4.0,4.0,4.0,4.0,4.0,5.66,该文本以诗意的语言表达了成长带来的遗憾和失落，情感基调统一，但整体较为抽象，缺乏具体细节和情节支撑，导致共情力有限。在情感和环境生动性上虽有一定表现，但角色脆弱性和认知深度不足，矛盾解决和角色发展也较为薄弱。若能增加具体经历和情感细节，将更能唤起读者的共鸣。,deepseek-chat
cecb7d0e0ee30e62,"“人生是一场巨大的后知后觉” 其实那次,和她的蕞后一面,我是没想到的。分别的时候,她站在车站的台阶前,还同我道:“不要不记得我,不管以后见不见得了,你都要开心。” 那时我笑着说:“怎么可能!”可时光过境,她的声音越来越逼真地盘旋在心底,这是我后知后觉才听见的诺言,以及那个少女模糊的回响。 这样的告别在每个夜晚都更清晰,潜入旧梦,潜入雨夜。过去的声音像一台老旧的收音机,断断续续地播着回忆。只不过,等到信号清晰时,那些当时觉得微不足道的瞬间,早已成了刺痛心尖的遗憾。 原来我们就是青春 治愈 成长 情感 原创随笔 约稿展示 命运的子弹正中眉心 校园 人总是要长大 文字",“人生是一场巨大的后知后觉”,"其实那次,和她的蕞后一面,我是没想到的。分别的时候,她站在车站的台阶前,还同我道:“不要不记得我,不管以后见不见得了,你都要开心。” 那时我笑着说:“怎么可能!”可时光过境,她的声音越来越逼真地盘旋在心底,这是我后知后觉才听见的诺言,以及那个少女模糊的回响。 这样的告别在每个夜晚都更清晰,潜入旧梦,潜入雨夜。过去的声音像一台老旧的收音机,断断续续地播着回忆。只不过,等到信号清晰时,那些当时觉得微不足道的瞬间,早已成了刺痛心尖的遗憾。 原来我们就是青春 治愈 成长 情感 原创随笔 约稿展示 命运的子弹正中眉心 校园 人总是要长大 文字",284,青春随笔,0,情感故事,青春随笔,8,2052,raw_real_texts.csv,6.0,6.0,6.0,6.0,4.0,4.0,4.0,4.0,4.0,5.66,文本以细腻的笔触描绘了告别后的遗憾，情感真挚但表达较为抽象，缺乏具体细节支撑，削弱了共情力。环境描写和情节体量有限，角色脆弱性展现不足，认知反思深度中等。整体语气悲观，矛盾未解决，角色发展不明显，情绪转变平缓。若能增加具体场景和内心独白，将更能引发读者共鸣。,deepseek-chat
493f01f5e518b17c,"然夏天仍是夏天 青春十纪的故事似乎总聚焦于具体的夏天,朦胧又清晰。夏天是自由蓬勃,像被人抱着转圈一样热烈,生命力疯长。夏天是漫出泡沫的啤酒,是吹来满足的海风,是散步偶遇的浪漫,当然耳机里还得放着summertime的live版。 我浸泡在初夏,却对将至的热夏没有半点期待。我对夏天最真实的记忆是无尽的雨季,深蓝色气旋压得人喘不过气来。柏油马路的沥青味,潮湿的霉味,阴沟反臭,人海中的肉夹气,恐怕五点早起的小鸟闻了都想吐,蚊子闻了都吸不动血。或许因为在深冬出生,夏天总让我感到烦闷,粘稠,难以扎根。流不完的汗与泪,意识被烈阳晒成空白,想法在炽热中收窄。我像闯入家中的蜜蜂,一次次撞在生硬的玻璃上,窗户似铁丝网般将我包围。而且似乎夏天一过我就得长大,然而夏天难以走出,死结未解,新生未临,在一双双眼睛下,艰涩又尴尬。 三岛说,“夏天”这个词本身就使人联想到“死”和“糜烂”。晚夏明丽的霞光,也含着糜烂的火红。我只奢求在这样的季节能活得流利一点,能躲在凌霄花后,永远“不要被命运找到”。 文字 感想 热门 夏天 讨厌夏天",然夏天仍是夏天,"青春十纪的故事似乎总聚焦于具体的夏天,朦胧又清晰。夏天是自由蓬勃,像被人抱着转圈一样热烈,生命力疯长。夏天是漫出泡沫的啤酒,是吹来满足的海风,是散步偶遇的浪漫,当然耳机里还得放着summertime的live版。 我浸泡在初夏,却对将至的热夏没有半点期待。我对夏天最真实的记忆是无尽的雨季,深蓝色气旋压得人喘不过气来。柏油马路的沥青味,潮湿的霉味,阴沟反臭,人海中的肉夹气,恐怕五点早起的小鸟闻了都想吐,蚊子闻了都吸不动血。或许因为在深冬出生,夏天总让我感到烦闷,粘稠,难以扎根。流不完的汗与泪,意识被烈阳晒成空白,想法在炽热中收窄。我像闯入家中的蜜蜂,一次次撞在生硬的玻璃上,窗户似铁丝网般将我包围。而且似乎夏天一过我就得长大,然而夏天难以走出,死结未解,新生未临,在一双双眼睛下,艰涩又尴尬。 三岛说,“夏天”这个词本身就使人联想到“死”和“糜烂”。晚夏明丽的霞光,也含着糜烂的火红。我只奢求在这样的季节能活得流利一点,能躲在凌霄花后,永远“不要被命运找到”。 文字 感想 热门 夏天 讨厌夏天",457,青春随笔,0,情感故事,青春随笔,11,1949,raw_real_texts.csv,10.0,10.0,10.0,10.0,2.0,6.0,2.0,2.0,4.0,8.84,综合评价：该文本在情感与环境生动性上表现卓越，通过密集的感官细节和强烈的情感渲染，成功营造出压抑窒息的夏日氛围，能迅速引发读者对负面情绪的身临其境之感。作者对个人脆弱性的袒露和认知层面的深入剖析，进一步增强了文本的共情深度。然而，文本在情节体量、矛盾解决、角色发展和情绪转变方面明显不足，整体叙事呈静态、停滞状态，缺乏动态变化和成长弧光。这种高度聚焦于负面情绪且无出路的表达，虽强化了悲观基调，但也限制了共情在更广阔叙事维度上的展开。,deepseek-chat
bcda68ee83cce13b,"年少不可得之物,终将困其一生 至死是少年[话题] 人生遗憾是常态[话题] 人无再少年[话题] 遗憾是人生常态[话题] 年轻这个借口还能用多久[话题] 那些来不及弥补的遗憾[话题] 少年不知愁滋味[话题] 遗憾才是常态[话题] 遗憾的青春[话题] 我们终究是错过[话题]","年少不可得之物,终将困其一生",至死是少年[话题] 人生遗憾是常态[话题] 人无再少年[话题] 遗憾是人生常态[话题] 年轻这个借口还能用多久[话题] 那些来不及弥补的遗憾[话题] 少年不知愁滋味[话题] 遗憾才是常态[话题] 遗憾的青春[话题] 我们终究是错过[话题],134,青春随笔,0,情感故事,青春随笔,2,1705,raw_real_texts2.csv,6.0,2.0,2.0,6.0,4.0,2.0,2.0,2.0,2.0,4.42,该文本以话题标签形式集中表达了对青春遗憾的感慨，情感基调统一但缺乏具体叙事支撑。在情感生动性和认知表述上略有体现，但环境、角色、情节等维度几乎空白，导致整体共情力较弱。文本更像是一种情绪宣言，而非完整故事，难以让读者产生深度共鸣。若能补充具体经历和细节描写，将显著提升共情效果。,deepseek-chat
33a89541b56dbf56,"被村上春树这句话击中 我在切身感受那一团薄雾样的东西的朝朝暮暮 送走了十八岁的春天 同时努力使自己避免陷入深刻 我隐约感觉到 深刻未必是接近真实的同义词 /村上春树《挪威的森林》 村上春树说“深刻未必是接近真实的同义词”,我们总是习惯性地追求深刻,以为那是成长的必经之路,却忽略了真实的感受往往藏在平凡的日常里。大家应该都有相似感受,欢迎在评论区分享~ 摘抄[话题] 手写摘抄[话题] 挪威的森林[话题] 村上春树[话题] 读书摘抄[话题] 深度思考[话题] 青春感悟[话题] 文字的力量[话题] 文字摘录[话题] 手写背景图[话题]",被村上春树这句话击中,"我在切身感受那一团薄雾样的东西的朝朝暮暮 送走了十八岁的春天 同时努力使自己避免陷入深刻 我隐约感觉到 深刻未必是接近真实的同义词 /村上春树《挪威的森林》 村上春树说“深刻未必是接近真实的同义词”,我们总是习惯性地追求深刻,以为那是成长的必经之路,却忽略了真实的感受往往藏在平凡的日常里。大家应该都有相似感受,欢迎在评论区分享~ 摘抄[话题] 手写摘抄[话题] 挪威的森林[话题] 村上春树[话题] 读书摘抄[话题] 深度思考[话题] 青春感悟[话题] 文字的力量[话题] 文字摘录[话题] 手写背景图[话题]",267,青春随笔,0,情感故事,青春随笔,3,1543,raw_real_texts2.csv,6.0,2.0,6.0,6.0,6.0,4.0,4.0,4.0,4.0,5.16,该文本以村上春树的引言为引子，表达了青春期的迷茫与对'深刻'的反思，情感上具有一定的共鸣性，但整体描写较为抽象，缺乏具体场景和细节支撑。环境生动性和情节体量较弱，使得共情力受限。认知思考虽有一定深度，但表述简洁，未能充分展开。综合评价，文本在唤起读者对青春感悟的共鸣上有所成效，但在叙事丰富性和情绪感染力上仍有提升空间。,deepseek-chat
31f2565df1c33d26,"“与我在世界的角落渺小又清晰地共振” 二十岁,洋流与季风会将我们的二十岁吹彻至哪座城市。你在晚自习课间曾与我提起的明亮未来,我们抵达了吗。还有那时曾以为不可逾越的重山万壑,时过境迁后再回看,我们会不会喟叹自己当下的热烈与勇敢。而如果那时也是一个雨汽未歇的秋夜,落叶还未纷飞不绝,我们坐在长椅上共同拆阅这封信,在你看到这里的时候,我会重新与你提起关于爱、自由、恳切,和你说其实永远并不遥远,它的起始日期是许多年前的这个夏天。 原创 随笔 情感文案 祝福文案 青春 浪漫生活的记录者 夏天 约稿展示请勿使用 infj infp",“与我在世界的角落渺小又清晰地共振”,"二十岁,洋流与季风会将我们的二十岁吹彻至哪座城市。你在晚自习课间曾与我提起的明亮未来,我们抵达了吗。还有那时曾以为不可逾越的重山万壑,时过境迁后再回看,我们会不会喟叹自己当下的热烈与勇敢。而如果那时也是一个雨汽未歇的秋夜,落叶还未纷飞不绝,我们坐在长椅上共同拆阅这封信,在你看到这里的时候,我会重新与你提起关于爱、自由、恳切,和你说其实永远并不遥远,它的起始日期是许多年前的这个夏天。 原创 随笔 情感文案 祝福文案 青春 浪漫生活的记录者 夏天 约稿展示请勿使用 infj infp",261,青春随笔,0,情感故事,青春随笔,4,1202,raw_real_texts.csv,6.0,6.0,6.0,6.0,6.0,4.0,4.0,4.0,4.0,5.76,该文本以书信体形式展开，情感细腻但表达含蓄，环境与角色塑造较为薄弱，认知思考虽有一定深度但不够具体。整体共情力中等，能唤起读者对青春与成长的共鸣，但在情节丰富度、矛盾解决和角色发展方面明显不足，导致情感冲击力有限。若能增加具体场景细节和情感起伏，共情效果将更佳。,deepseek-chat
00717a75ed8b3358,"“趁夏日未完结 趁我们还深信不疑明天” 像行过雨水满溢的节气却只持一柄单薄旧伞,过往的刻痕遗留下湿漉漉的脉络,拂不尽的水汽如同年复一年困住我的嶙峋山峦。 我依旧被反复困在那座山。 原创 随笔 情感 文案 文字的力量 青春 遗憾 毕业 浪漫生活的记录者 infj",“趁夏日未完结 趁我们还深信不疑明天”,"像行过雨水满溢的节气却只持一柄单薄旧伞,过往的刻痕遗留下湿漉漉的脉络,拂不尽的水汽如同年复一年困住我的嶙峋山峦。 我依旧被反复困在那座山。 原创 随笔 情感 文案 文字的力量 青春 遗憾 毕业 浪漫生活的记录者 infj",130,青春随笔,0,情感故事,青春随笔,19,1095,raw_real_texts.csv,6.0,6.0,6.0,6.0,4.0,4.0,2.0,2.0,4.0,5.54,该文本以诗意化的意象和简洁的语言传达了遗憾与困顿的情绪，在情感和环境生动性上具有一定感染力，但整体篇幅短小，情节体量不足，缺乏矛盾解决和角色发展，导致叙事深度有限。文本的脆弱性表达较为含蓄，认知反思未充分展开，情绪转变幅度较小，整体共情唤起能力中等，主要依赖意象营造氛围而非完整故事或深刻心理刻画。,deepseek-chat
35c5e4fc8ecb32c9,"所有夏天在此剥落 粗砺不平是我们 十七岁那天只是躺在天台,看头顶天空像泳池一样干净透亮,日光和波浪都是偶然的明亮。云很淡很淡地游过来,校服短袖在风里慢慢轻盈、胀满,浪费着淤青也浪费着不安。所有夏天在此剥落,摔开苔印和飞不过的时间,粗砺不平是我们。 棠衍[话题] 我被文字打动[话题] 原创文字[话题] 原创随笔[话题] 人生流淌在诗歌里[话题] 夏天[话题] 十七岁[话题] 十八岁时候写的(><)",所有夏天在此剥落 粗砺不平是我们,"十七岁那天只是躺在天台,看头顶天空像泳池一样干净透亮,日光和波浪都是偶然的明亮。云很淡很淡地游过来,校服短袖在风里慢慢轻盈、胀满,浪费着淤青也浪费着不安。所有夏天在此剥落,摔开苔印和飞不过的时间,粗砺不平是我们。 棠衍[话题] 我被文字打动[话题] 原创文字[话题] 原创随笔[话题] 人生流淌在诗歌里[话题] 夏天[话题] 十七岁[话题] 十八岁时候写的(><)",199,青春随笔,0,情感故事,青春随笔,5,1005,raw_real_texts2.csv,6.0,6.0,6.0,6.0,4.0,4.0,4.0,4.0,4.0,5.66,该文本以诗意的语言描绘了青春夏日场景，情感和环境描写具有一定生动性，但整体内容较为简短，情节和角色发展不足。文本在唤起共情方面主要依靠意象和氛围的营造，但缺乏具体细节和情感深度，使得读者难以产生强烈的情感共鸣。优势在于语言优美，能引发对青春时光的联想；不足在于叙事性较弱，情感表达较为含蓄，限制了共情力的发挥。,deepseek-chat
41c2358351d63c9e,走进明亮且永恒的夏天 亲爱的朋友 人生不乏可爱且美妙的日子 希望你顺利到达要去的地方 到了以后幸福美满 随笔 原创 成为更好的自己 做自己 浪漫生活的记录者 人到底能感受多少回夏天 所有美好都发生在夏天 做自己 黎时希 人生是旷野,走进明亮且永恒的夏天,亲爱的朋友 人生不乏可爱且美妙的日子 希望你顺利到达要去的地方 到了以后幸福美满 随笔 原创 成为更好的自己 做自己 浪漫生活的记录者 人到底能感受多少回夏天 所有美好都发生在夏天 做自己 黎时希 人生是旷野,115,青春随笔,0,情感故事,青春随笔,20,854,raw_real_texts.csv,6.0,2.0,2.0,6.0,8.0,2.0,4.0,2.0,2.0,4.68,该文本是一段抒情祝福语，情感基调积极温暖，但缺乏具体叙事和细节支撑，共情唤起能力有限。优势在于语气乐观、主题美好，容易引发共鸣；不足是情节单薄、角色缺失、情感表达抽象，难以让读者深入代入。整体共情力中等偏下，适合作为简短鼓励，但不足以构成强共情叙事。,deepseek-chat
6b8bcd25bb5bf61b,"我的青春大约是一场太阳雨。明明艳阳还在天上挂着,光却已变得潮湿,一粒粒雨丝砸在皮肤上,又热又凉。 风挟着水汽包裹全身,我看见雨珠在阳光中穿过,亮晶晶的,像无数短暂的流星,跌碎了,在水泥地上洇开深色的痕。有人在笑,笑声撞在雨线上,碎成更细的沫,飞走了。 过去总以为痛楚是件惊天动地的事,必要电闪雷鸣。后来才懂,最深的怅惘原是这般晴光潋滟的好天气里,无端落下的一阵雨。分明周身都被照得透亮,发梢却坠着水珠,擦不干,抹不尽。一抬头,日光刺目,只好又低下头去。 我们都行在这样一场雨里,衣裳半湿,在明亮的雨丝中辨认彼此湿润的轮廓。想说的话被雨声盖过,只剩下模糊的口型和一双双被水光洗得异常清亮的眼睛。 雨忽然就停了。水洼里倒映着重新变得干燥的天空,亮得晃眼。只有树下偶尔摇落的一两滴冷水,顺着脖颈滑进衣领,叫人蓦地一惊,想起方才那一场太阳雨是真的来过。 而青春已像地上一汪一汪的光,蒸发得无声无息。 青春是一本仓促的书 青春疼痛文学 文字是终身热爱 抽象 深夜emo","我的青春大约是一场太阳雨。明明艳阳还在天上挂着,光却已变得潮湿,一粒粒雨丝砸在皮肤上,又热又凉。 风挟着水汽包裹全身,我看见雨珠在阳光中穿过,亮晶晶的,像无数短暂的流星,跌碎了,在水泥地上洇开深色的痕。有人在笑,笑声撞在雨线上,碎成更细的沫,飞走了。 过去总以为痛楚是件惊天动地的事,必要电闪雷鸣。后来才懂,最深的怅惘原是这般晴光潋滟的好天气里,无端落下的一阵雨。分明周身都被照得透亮,发梢却坠着水珠,擦不干,抹不尽。一抬头,日光刺目,只好又低下头去。 我们都行在这样一场雨里,衣裳半湿,在明亮的雨丝中辨认彼此湿润的轮廓。想说的话被雨声盖过,只剩下模糊的口型和一双双被水光洗得异常清亮的眼睛。 雨忽然就停了。水洼里倒映着重新变得干燥的天空,亮得晃眼。只有树下偶尔摇落的一两滴冷水,顺着脖颈滑进衣领,叫人蓦地一惊,想起方才那一场太阳雨是真的来过。 而青春已像地上一汪一汪的光,蒸发得无声无息。 青春是一本仓促的书 青春疼痛文学 文字是终身热爱 抽象 深夜emo","我的青春大约是一场太阳雨。明明艳阳还在天上挂着,光却已变得潮湿,一粒粒雨丝砸在皮肤上,又热又凉。 风挟着水汽包裹全身,我看见雨珠在阳光中穿过,亮晶晶的,像无数短暂的流星,跌碎了,在水泥地上洇开深色的痕。有人在笑,笑声撞在雨线上,碎成更细的沫,飞走了。 过去总以为痛楚是件惊天动地的事,必要电闪雷鸣。后来才懂,最深的怅惘原是这般晴光潋滟的好天气里,无端落下的一阵雨。分明周身都被照得透亮,发梢却坠着水珠,擦不干,抹不尽。一抬头,日光刺目,只好又低下头去。 我们都行在这样一场雨里,衣裳半湿,在明亮的雨丝中辨认彼此湿润的轮廓。想说的话被雨声盖过,只剩下模糊的口型和一双双被水光洗得异常清亮的眼睛。 雨忽然就停了。水洼里倒映着重新变得干燥的天空,亮得晃眼。只有树下偶尔摇落的一两滴冷水,顺着脖颈滑进衣领,叫人蓦地一惊,想起方才那一场太阳雨是真的来过。 而青春已像地上一汪一汪的光,蒸发得无声无息。 青春是一本仓促的书 青春疼痛文学 文字是终身热爱 抽象 深夜emo",429,青春随笔,0,情感故事,青春随笔,9,593,raw_real_texts.csv,10.0,10.0,6.0,10.0,4.0,4.0,4.0,4.0,6.0,8.62,综合评价：该文本以诗意的语言和生动的意象，成功唤起了读者对青春逝去的共情，尤其在情感和环境生动性上表现突出。认知反思的深度增强了文本的感染力，但情节体量较小，矛盾解决和角色发展不足，使得整体叙事性较弱。语气偏悲观，但情绪转变有一定层次。总体而言，文本在情感共鸣上优势明显，但在故事性和成长弧光上有所欠缺。,deepseek-chat
6ef3ec35a80b3870,"只是那时,歇斯底里的声音覆盖住了意义。 学生时代是喧豗而轰然的。响了很久的上课铃在老师的谩骂声中渐渐消失,我们只能用笔尖反复摩挲着纸面来转移注意力。苦口婆心的教诲听了无数遍,却还是选择在大道理面前沉默,陷入无边的题海。 晚自习时,各个班级里的英语听力交错播放。教室里的灯光明晃晃的,与窗外的夜幕截然不同。车水马龙在耳边萦回,鸣笛声不断,成为一种属于晚自习的背景音。每每此刻,我总是会在心里默默想着:可不可以,把我,连同我的梦想一起带走? 白昼里那些被埋藏的情绪,被淹没的委屈,在此刻也纷纷复活。我们开始在心里喋喋不休,有些话欲言又止,化为眼泪掉落。 但那是自由也有迹可循。夜阑人静时,走廊里依旧人满为患,昏黄的灯光将梦想的影子拖得好长好长。我们总是高谈阔论着,未来与以后,岁月与流年,总觉得多年后听起来也像是弹指之间。 却忘了,此时此刻,愿景与如今重叠的瞬间,才是最伟大的永远。 我们歇斯底里,总在故事的最后,才明白苦海的波澜起伏。 Icelume 文字 随笔 我们永远在这里 学生时代 青春 爱 苦海 学海无涯苦作舟 那时的我们不懂永远","只是那时,歇斯底里的声音覆盖住了意义","只是那时,歇斯底里的声音覆盖住了意义。 学生时代是喧豗而轰然的。响了很久的上课铃在老师的谩骂声中渐渐消失,我们只能用笔尖反复摩挲着纸面来转移注意力。苦口婆心的教诲听了无数遍,却还是选择在大道理面前沉默,陷入无边的题海。 晚自习时,各个班级里的英语听力交错播放。教室里的灯光明晃晃的,与窗外的夜幕截然不同。车水马龙在耳边萦回,鸣笛声不断,成为一种属于晚自习的背景音。每每此刻,我总是会在心里默默想着:可不可以,把我,连同我的梦想一起带走? 白昼里那些被埋藏的情绪,被淹没的委屈,在此刻也纷纷复活。我们开始在心里喋喋不休,有些话欲言又止,化为眼泪掉落。 但那是自由也有迹可循。夜阑人静时,走廊里依旧人满为患,昏黄的灯光将梦想的影子拖得好长好长。我们总是高谈阔论着,未来与以后,岁月与流年,总觉得多年后听起来也像是弹指之间。 却忘了,此时此刻,愿景与如今重叠的瞬间,才是最伟大的永远。 我们歇斯底里,总在故事的最后,才明白苦海的波澜起伏。 Icelume 文字 随笔 我们永远在这里 学生时代 青春 爱 苦海 学海无涯苦作舟 那时的我们不懂永远",469,青春随笔,0,情感故事,青春随笔,3,476,raw_real_texts.csv,6.0,6.0,6.0,6.0,4.0,4.0,4.0,4.0,6.0,5.7,该文本以细腻的笔触描绘了学生时代的压抑与梦想，情感真挚但表达较为含蓄，缺乏具体情节和强烈的情感爆发点，削弱了共情冲击力。环境描写和角色脆弱性呈现中等水平，认知反思虽有意蕴但不够深入。整体基调偏感伤，矛盾未得到解决，角色发展不明显，但情绪有一定起伏。文本在唤起读者对青春共鸣方面有一定优势，但在情感生动性和叙事丰富度上仍有提升空间。,deepseek-chat
1d561daed369707e,"15岁女高随笔:优绩主义绑架了我的青春 夜深忽梦少年事 梦啼妆泪红阑干 细细想来,我的一整个青春几乎都在被优绩主义所裹挟。 我从小接受着老一辈“万般皆下品 惟有读书高”的思想灌入,自打踏入学校以来,我就一直想争第一做第一,在我的潜意识里,只有第一名才是值得骄傲值得被别人记住的。 的确,在某一段岁月里我享受到了优绩主义带给我的红利,我的名字频繁地出现在优秀学生、学习之行等奖项上,我站在讲台上,虚荣心得到了充分地满足,但随之而来的,是一丝莫名的紧张与忐忑。 我开始害怕自己当不了第一名,我不自觉构想同学议论我的画面。 一直到上了高中,我所在的学校是一所百年历史的国重,班级里聪明的人一抓一大把,我依旧记得第一次月考我的数学只有五十多分,班级倒数。很明显,我不服,我拼了命去写数学题刷课外练习册,最终的效果甚微,于是我被迫接受了这个结局,这个并不完美的结局。 我讨厌优绩主义,虽然它曾给我带来一些欢喜。 我渐渐明白,成绩不是人生的全部,哪怕是化学倒数第一,我的世界依然在有条不紊地运行。 优绩主义绑架了我的青春。 而帮凶是我。 /完 女高原创随笔[话题] 我的人生观[话题] 思考[话题] 迷茫与成长[话题] 现实主义[话题] 小蝴蝶的精神世界[话题] 优绩主义[话题]",15岁女高随笔:优绩主义绑架了我的青春,"夜深忽梦少年事 梦啼妆泪红阑干 细细想来,我的一整个青春几乎都在被优绩主义所裹挟。 我从小接受着老一辈“万般皆下品 惟有读书高”的思想灌入,自打踏入学校以来,我就一直想争第一做第一,在我的潜意识里,只有第一名才是值得骄傲值得被别人记住的。 的确,在某一段岁月里我享受到了优绩主义带给我的红利,我的名字频繁地出现在优秀学生、学习之行等奖项上,我站在讲台上,虚荣心得到了充分地满足,但随之而来的,是一丝莫名的紧张与忐忑。 我开始害怕自己当不了第一名,我不自觉构想同学议论我的画面。 一直到上了高中,我所在的学校是一所百年历史的国重,班级里聪明的人一抓一大把,我依旧记得第一次月考我的数学只有五十多分,班级倒数。很明显,我不服,我拼了命去写数学题刷课外练习册,最终的效果甚微,于是我被迫接受了这个结局,这个并不完美的结局。 我讨厌优绩主义,虽然它曾给我带来一些欢喜。 我渐渐明白,成绩不是人生的全部,哪怕是化学倒数第一,我的世界依然在有条不紊地运行。 优绩主义绑架了我的青春。 而帮凶是我。 /完 女高原创随笔[话题] 我的人生观[话题] 思考[话题] 迷茫与成长[话题] 现实主义[话题] 小蝴蝶的精神世界[话题] 优绩主义[话题]",534,青春随笔,0,情感故事,青春随笔,1,441,raw_real_texts2.csv,6.0,2.0,6.0,6.0,4.0,4.0,6.0,6.0,6.0,5.22,综合评价：该文本真实地反映了青少年在优绩主义下的心理挣扎，情感表达自然，认知反思有一定深度。但在环境描写和情节丰富度上较为薄弱，削弱了读者的沉浸感。角色成长和情绪转变虽存在，但不够鲜明，整体共情力中等。若能增加具体场景和细节，将更能唤起读者的共鸣。,deepseek-chat
262de1357b768360,"“夏天适合畅想明亮” 我们不要辜负长夏,不要辜负白昼和晴天。 随笔 夏天 成长 高校诗歌创作联盟 信件 肆意地感受夏夭 友谊地久天长",“夏天适合畅想明亮”,"我们不要辜负长夏,不要辜负白昼和晴天。 随笔 夏天 成长 高校诗歌创作联盟 信件 肆意地感受夏夭 友谊地久天长",66,青春随笔,0,情感故事,青春随笔,14,360,raw_real_texts.csv,2.0,2.0,2.0,2.0,8.0,2.0,2.0,2.0,2.0,2.3,综合评价：该文本更像是一句简短的夏日寄语或标签集合，缺乏具体叙事和情感细节，在情感生动性、环境描绘、角色脆弱性等核心共情维度上均表现薄弱。其优势在于语气乐观，传递了积极向上的态度，但整体内容过于空泛，难以让读者产生深层次的情感共鸣。若要提升共情力，需要补充具体场景、个人经历和情感变化。,deepseek-chat
760b1228ff0cde6d,"我抓住青春这枚鱼脊的尾梢。 冷鲜奶与青提味道的啫喱,我们初遇的夏季,爬过森绿色的天梯再淋雨跑到火车站,同汽水一般酸的冰荔枝终于也消弭在了饱和着迪斯科的一九九九。我载着橙红年代的太阳,手腕上那截鱼脊链磨得比珍珠还白,明晃晃地将爱情的淤青掩藏。张**跟我躺床上的时候就喜欢抓住这里,要咯得我挤出血痕,要直至教会我喊爱为止。他说我看着情歌也能三押、风流倜傥的,骂起人来流利,讲起爱来却舌头打结,问我是不是存心针对他。 冤枉吧我当然没有。随后我们就都缄默了,活脱脱一副淡如水的样子在黑夜里凝视着对方,任凭summer time这段青稚以灼烫来舔舐我们。 漂泊在海湾的人总会不可避免地彻夜忖思起三个问题:幸福、爱与以后。怎么定义幸福。什么叫做爱。以后又如何。将生命喻作漫长的旅途时,我们或许并未预设下问题的答案,以至于这就成了一门哲学,而我们将花费永远去探讨。又说到“永远”,永远是青春期里的高频词。Never,我们通常是这样解释它的。 文稿 随笔 原创 小红书年度诗篇",我抓住青春这枚鱼脊的尾梢。,"冷鲜奶与青提味道的啫喱,我们初遇的夏季,爬过森绿色的天梯再淋雨跑到火车站,同汽水一般酸的冰荔枝终于也消弭在了饱和着迪斯科的一九九九。我载着橙红年代的太阳,手腕上那截鱼脊链磨得比珍珠还白,明晃晃地将爱情的淤青掩藏。张**跟我躺床上的时候就喜欢抓住这里,要咯得我挤出血痕,要直至教会我喊爱为止。他说我看着情歌也能三押、风流倜傥的,骂起人来流利,讲起爱来却舌头打结,问我是不是存心针对他。 冤枉吧我当然没有。随后我们就都缄默了,活脱脱一副淡如水的样子在黑夜里凝视着对方,任凭summer time这段青稚以灼烫来舔舐我们。 漂泊在海湾的人总会不可避免地彻夜忖思起三个问题:幸福、爱与以后。怎么定义幸福。什么叫做爱。以后又如何。将生命喻作漫长的旅途时,我们或许并未预设下问题的答案,以至于这就成了一门哲学,而我们将花费永远去探讨。又说到“永远”,永远是青春期里的高频词。Never,我们通常是这样解释它的。 文稿 随笔 原创 小红书年度诗篇",430,青春随笔,0,情感故事,青春随笔,7,358,raw_real_texts.csv,10.0,6.0,6.0,6.0,4.0,4.0,2.0,2.0,4.0,7.54,综合评价：文本在情感生动性上表现出色，通过独特的意象和感官描写成功唤起读者对青春爱情的共鸣。然而，在情节体量、矛盾解决和角色发展方面较为薄弱，故事缺乏推进和成长，导致整体叙事略显静态。语气偏悲观，但认知思考为文本增添深度。若能丰富情节细节并增强角色转变，共情力将进一步提升。,deepseek-chat
d8deb013b1a8d887,"“我觉得二十二岁是最擅长告别的年纪” 人生的归属感不过是暂时的寄托,能与谁共鸣、能在何处安放自我,都需要一点点放下执念的勇气。 成长好像是一座飘在风中的客栈,总有人暂住、有人远行,樶后只剩下自己,和并不算沉重的影子。这个年纪里,很难拥有稳定深度的关系,大家都像是候鸟,下一个停靠点尚未可知,也许前一刻还热络相谈,后一刻就各奔东西。久而久之,我们学会在告别中成长。 我相信,生活本身即是一场场有始无终的迁徙。不同的机场,不同的安检口。我的生活在大地的经纬间不断转场,从熟悉到陌生、从欢笑到沉默、从相逢到分离。提着行李箱穿梭在航站楼之间,手机里存着零零散散的道别短信,去往新的目的地,却总有一些难舍的过往被遗落于原点。 治愈 成长 原创随笔 毕业总是会有遗憾的 青春的遗憾 随笔 青春是一本仓促的书 文字 那就好好道别 原来我们就是青春",“我觉得二十二岁是最擅长告别的年纪”,"人生的归属感不过是暂时的寄托,能与谁共鸣、能在何处安放自我,都需要一点点放下执念的勇气。 成长好像是一座飘在风中的客栈,总有人暂住、有人远行,樶后只剩下自己,和并不算沉重的影子。这个年纪里,很难拥有稳定深度的关系,大家都像是候鸟,下一个停靠点尚未可知,也许前一刻还热络相谈,后一刻就各奔东西。久而久之,我们学会在告别中成长。 我相信,生活本身即是一场场有始无终的迁徙。不同的机场,不同的安检口。我的生活在大地的经纬间不断转场,从熟悉到陌生、从欢笑到沉默、从相逢到分离。提着行李箱穿梭在航站楼之间,手机里存着零零散散的道别短信,去往新的目的地,却总有一些难舍的过往被遗落于原点。 治愈 成长 原创随笔 毕业总是会有遗憾的 青春的遗憾 随笔 青春是一本仓促的书 文字 那就好好道别 原来我们就是青春",366,青春随笔,0,情感故事,青春随笔,19,245,raw_real_texts.csv,6.0,6.0,6.0,6.0,4.0,4.0,4.0,4.0,4.0,5.66,该文本以告别和成长为线索，情感真挚但表达较为抽象，缺乏具体细节，导致情感和环境生动性不足。作者展现了脆弱性和认知思考，但深度有限。语气偏悲观，情节体量小，矛盾解决和角色发展不充分，情绪转变平缓。整体上能引起读者对离别和成长的共鸣，但在叙事丰富性和情感冲击力上有所欠缺。,deepseek-chat
52e8e15d62097706,"在那个渗透你的气息的季节。 在那个渗透你的气息的季节, 淡蓝的衬衫被附着上桃子的香气。 那个夏天很短暂,但似乎又是漫长的,因为白天夜里无时无刻不弥漫着你的气息。 我们在那个淡黄的沙滩,蒸发着情感,交融着爱意。蓝白相间的条纹短袖,延伸出你均匀年轻的双臂,多么可爱,多么单薄,像母亲赠予妹妹的陶瓷娃娃,我渴望轻轻触摸,或画上海的样子。 那时什么都包围着你,阳光,海浪抑或是我,那时我只看着你,我的一切都从你那里得到。 我们用青铜交织着古铜色的雕塑手臂,在海浪拍打着那片沙地时,在笑看彼此时,握手言和,不知道你的手上,是否会粘上锈迹。 我们在草地上铺散开,绿草从你的脖颈间生长出来,你会有青草的味道,会有阳光的温暖。它们和着微风淅淅沥沥的掠过你的脸颊,踏过你的双眸,你像个顽童一样,在我身上蹭来蹭去。我闻着你袖口的味道,我听到你在呼唤我的名字。 在树荫下葱郁的你,如杏树结果般的你,跳入泳池就化成水的你,变成无数条鱼儿的你,我爱这样全部的你。 在那个夏天的夜晚,我们一起蔓延,一起绵长地溺毙在这彼此的温柔中。 我只想紧紧拥抱着你,让我不可豁免的爱全都给予你,即使是我多年后全部的泪水,也要为你化为一条河,再看看你的清澈,再容容你的泪水,也许可以用你的名字来命名。也许可以,以你的名字来呼唤我。 这样如此的你。 生活美学 随笔 原创随笔 文字 infp 请以你的名字呼唤我 同人文 文字 人生流淌在诗歌里 夏天",在那个渗透你的气息的季节。,"在那个渗透你的气息的季节, 淡蓝的衬衫被附着上桃子的香气。 那个夏天很短暂,但似乎又是漫长的,因为白天夜里无时无刻不弥漫着你的气息。 我们在那个淡黄的沙滩,蒸发着情感,交融着爱意。蓝白相间的条纹短袖,延伸出你均匀年轻的双臂,多么可爱,多么单薄,像母亲赠予妹妹的陶瓷娃娃,我渴望轻轻触摸,或画上海的样子。 那时什么都包围着你,阳光,海浪抑或是我,那时我只看着你,我的一切都从你那里得到。 我们用青铜交织着古铜色的雕塑手臂,在海浪拍打着那片沙地时,在笑看彼此时,握手言和,不知道你的手上,是否会粘上锈迹。 我们在草地上铺散开,绿草从你的脖颈间生长出来,你会有青草的味道,会有阳光的温暖。它们和着微风淅淅沥沥的掠过你的脸颊,踏过你的双眸,你像个顽童一样,在我身上蹭来蹭去。我闻着你袖口的味道,我听到你在呼唤我的名字。 在树荫下葱郁的你,如杏树结果般的你,跳入泳池就化成水的你,变成无数条鱼儿的你,我爱这样全部的你。 在那个夏天的夜晚,我们一起蔓延,一起绵长地溺毙在这彼此的温柔中。 我只想紧紧拥抱着你,让我不可豁免的爱全都给予你,即使是我多年后全部的泪水,也要为你化为一条河,再看看你的清澈,再容容你的泪水,也许可以用你的名字来命名。也许可以,以你的名字来呼唤我。 这样如此的你。 生活美学 随笔 原创随笔 文字 infp 请以你的名字呼唤我 同人文 文字 人生流淌在诗歌里 夏天",601,青春随笔,0,情感故事,青春随笔,27,174,raw_real_texts.csv,10.0,6.0,6.0,6.0,8.0,4.0,4.0,4.0,4.0,7.86,综合评价：该文本以高度诗意的语言和丰富的感官意象，成功营造了强烈的情感沉浸感，尤其在情感生动性上表现突出，能有效唤起读者的共情。然而，文本在情节体量、角色发展和矛盾解决上较为薄弱，更多是静态的情感描绘，缺乏叙事张力。整体上，文本擅长传递细腻的内心感受，但在故事性和角色深度上有所欠缺，适合作为抒情散文而非完整叙事。,deepseek-chat
e74922fe8701f3b5,我会亲自洞穿你沉重的青春 随笔 文字 感受 关于我的墓志铭 但在死亡之前 如果还能见到你 还想和你谈论宇宙和天空 话虽如此 希望大家得偿所愿一切顺利,我会亲自洞穿你沉重的青春,随笔 文字 感受 关于我的墓志铭 但在死亡之前 如果还能见到你 还想和你谈论宇宙和天空 话虽如此 希望大家得偿所愿一切顺利,74,青春随笔,0,情感故事,青春随笔,12,170,raw_real_texts.csv,6.0,2.0,6.0,6.0,4.0,2.0,4.0,2.0,4.0,4.92,综合评价：该文本以简短而诗意的语言表达了沉重与祝愿交织的情感，情感基调鲜明，但缺乏具体情节和环境描写，导致共情唤起主要依赖抽象意象而非叙事细节。角色脆弱性有所体现但不够深入，认知思考适中。整体上，文本在情感表达上有一定感染力，但叙事完整性和情绪转变的细腻度不足，限制了共情力的充分发挥。,deepseek-chat
f792c8a555c9fd18,"喜欢少年。 喜欢情义与朦胧的爱诞生在少年时期,不知天高底厚,纯粹青涩的如纽扣一般紧紧扣着。未经世俗,骨头连着皮肉也正值青春。她们偶尔肆意妄为,蹬着单车追风的步伐,臂弯里夹本杂志漫画,看什么不爽就嚷嚷着要扁谁。后坐的吃了一嘴风,发丝撇到脸庞。少年们的叫喊就像山的起伏,起起落落。跟本不齐,也不着调。让一切去死吧,不知谁说的,也不在乎谁说的。思绪过去了,你我靠在一起,脊背的骨头仿佛在这一刻蓬勃生长了起来。嘴里说着未来,现在和过去。少年啊,就是一盏“有气”的亮灯,一盏会熄灭的灯。到油尽干枯的时候,她会走马灯花地回想那梦幻的一幕吗? 随笔 原创随笔 日常随笔 原创文字",喜欢少年。,"喜欢情义与朦胧的爱诞生在少年时期,不知天高底厚,纯粹青涩的如纽扣一般紧紧扣着。未经世俗,骨头连着皮肉也正值青春。她们偶尔肆意妄为,蹬着单车追风的步伐,臂弯里夹本杂志漫画,看什么不爽就嚷嚷着要扁谁。后坐的吃了一嘴风,发丝撇到脸庞。少年们的叫喊就像山的起伏,起起落落。跟本不齐,也不着调。让一切去死吧,不知谁说的,也不在乎谁说的。思绪过去了,你我靠在一起,脊背的骨头仿佛在这一刻蓬勃生长了起来。嘴里说着未来,现在和过去。少年啊,就是一盏“有气”的亮灯,一盏会熄灭的灯。到油尽干枯的时候,她会走马灯花地回想那梦幻的一幕吗? 随笔 原创随笔 日常随笔 原创文字",282,青春随笔,0,情感故事,青春随笔,4,168,raw_real_texts.csv,6.0,6.0,6.0,6.0,4.0,4.0,2.0,2.0,4.0,5.54,该文本以诗意的语言描绘了少年时期的情义与朦胧爱恋，情感和环境描写具有一定生动性，能唤起读者对青春的共鸣。然而，文本缺乏具体情节和角色发展，矛盾与解决几乎缺失，导致叙事张力不足。认知思考虽有一定深度，但表述较为抽象，削弱了共情感染力。整体上，文本在情感唤起上表现尚可，但在叙事完整性和角色成长方面存在明显不足。,deepseek-chat
470fcb02a7b35c0b,"我们无法预知某一瞬间的价值直到它成为回忆 - 看了余华的节目,他谈到青春,真是让我又哭又笑。 在余华看来,人的记忆是有选择性的,青春也是可以自己定义的,只要让你愿意记住的,就是青春的起点。 他心里的青春,从27岁发表小说开始。27岁以前天天给人拔牙的那段人生他无法称之为""青春""。年轻时他也曾怀揣成为歌唱家的梦想,每天凌晨到海边练声,反倒被村里人误以为山中闹 ,只得狼狈放弃。 可他说,正是那些不切实际的梦想,才让青春显得生机勃勃。倘若每个梦想都很实际,那就不叫梦想了。 余华也有青春的遗憾。有次搬家时嫌书信麻烦,烧掉了一大箱的信件,其中有十多封史铁生的信。那部分珍贵的记忆没有了,这长久的懊悔,成了他回忆里特殊的一段。 - 关于青春,40岁的仁科认为,此时此刻便是一个人的青春;精 选 创作者特厨隋坡坦言,自己没有上过高中,十八岁误打误撞进入后厨,选择在烟火炉灶里开启了人生篇章。 他们的青春都没有被年龄所框住。 所以《一个文学的午后》让我想明白了:不必纠结年少碌碌无为,也不用困在过往的缺憾里内耗。我们可以筛选记忆,和灰暗的过往和解、放下糟糕的从前。 人生没有迟到的青春,每一个奔赴热爱的当下,都能成为青春崭新的起点。 余华 一个文学的午后 青春 青春回忆 人生感悟 文字的力量 2026高考季 高考前最后叮嘱",我们无法预知某一瞬间的价值直到它成为回忆,"- 看了余华的节目,他谈到青春,真是让我又哭又笑。 在余华看来,人的记忆是有选择性的,青春也是可以自己定义的,只要让你愿意记住的,就是青春的起点。 他心里的青春,从27岁发表小说开始。27岁以前天天给人拔牙的那段人生他无法称之为""青春""。年轻时他也曾怀揣成为歌唱家的梦想,每天凌晨到海边练声,反倒被村里人误以为山中闹 ,只得狼狈放弃。 可他说,正是那些不切实际的梦想,才让青春显得生机勃勃。倘若每个梦想都很实际,那就不叫梦想了。 余华也有青春的遗憾。有次搬家时嫌书信麻烦,烧掉了一大箱的信件,其中有十多封史铁生的信。那部分珍贵的记忆没有了,这长久的懊悔,成了他回忆里特殊的一段。 - 关于青春,40岁的仁科认为,此时此刻便是一个人的青春;精 选 创作者特厨隋坡坦言,自己没有上过高中,十八岁误打误撞进入后厨,选择在烟火炉灶里开启了人生篇章。 他们的青春都没有被年龄所框住。 所以《一个文学的午后》让我想明白了:不必纠结年少碌碌无为,也不用困在过往的缺憾里内耗。我们可以筛选记忆,和灰暗的过往和解、放下糟糕的从前。 人生没有迟到的青春,每一个奔赴热爱的当下,都能成为青春崭新的起点。 余华 一个文学的午后 青春 青春回忆 人生感悟 文字的力量 2026高考季 高考前最后叮嘱",557,青春随笔,0,情感故事,青春随笔,23,163,raw_real_texts.csv,6.0,2.0,6.0,6.0,6.0,4.0,6.0,4.0,6.0,5.26,综合评价：该文本以青春为主题，通过多位人物的经历引发共鸣，情感真实但表达较为概括，缺乏生动的场景和细节描写。文本在认知层面有一定深度，提出了对青春和记忆的反思，但角色脆弱性和发展程度不足，削弱了共情深度。整体语气积极，能给予读者启发，但情节体量较小，情绪转变不够剧烈，共情力中等。,deepseek-chat
5dde6da2d998e206,"“我们的被子再也晒不出二十岁的味道了” 那时候不懂什么叫无忧无虑,只知道中午趴在被子上睡一觉,第二天的数学课就不那么难熬。 眼睛闭上,鼻尖蹭到被子,扑面而来的就是那种干净又温柔的味道:阳光、洗衣粉、风吹了一上午的尘土,还有不知道从哪里飘来的梧桐叶气味。 你说不清它是什么,只知道那是“安心”的味道。 我们真正怀念的,是那段被阳光认真对待的日子。 而现在轮到我们自己,去认真对待,眼前仍在继续的生活。 治愈 成长 情感 原创随笔 随笔 校园 只道当时是寻常 原来我们就是青春 文字控",“我们的被子再也晒不出二十岁的味道了”,"那时候不懂什么叫无忧无虑,只知道中午趴在被子上睡一觉,第二天的数学课就不那么难熬。 眼睛闭上,鼻尖蹭到被子,扑面而来的就是那种干净又温柔的味道:阳光、洗衣粉、风吹了一上午的尘土,还有不知道从哪里飘来的梧桐叶气味。 你说不清它是什么,只知道那是“安心”的味道。 我们真正怀念的,是那段被阳光认真对待的日子。 而现在轮到我们自己,去认真对待,眼前仍在继续的生活。 治愈 成长 情感 原创随笔 随笔 校园 只道当时是寻常 原来我们就是青春 文字控",240,青春随笔,0,情感故事,青春随笔,28,161,raw_real_texts.csv,6.0,6.0,6.0,6.0,6.0,4.0,6.0,6.0,4.0,5.88,该文本以晒被子的回忆为切入点，成功唤起了读者对青春和无忧时光的共鸣，情感真挚且具有普遍性。环境描写和情感表达虽有一定生动性，但细节和深度不足，限制了共情力的进一步提升。认知反思部分为文本增添了成长意味，但整体情节和情绪转变较为平缓。综合评价，文本在唤起怀旧共情方面表现良好，但在情感强度和叙事丰富度上仍有提升空间。,deepseek-chat
12891d72e2b7cb5a,"現在妳是 存一則給之前的朋友寫的一本字書 佩服自己创作这些文字的时候实在是艰难但也还是整合了出来。以前自己真的是一个很喜欢记录很爱表达自己的人 雖然很爱哭会把自己的情绪表达发泄出来。 上高三我几乎每天都能输出好多文字,现在一切变得轻盈自由却忘了当时的自己是如何写下那般深刻的文字的。是因为太幸福了吗... 现在的我拥有一种重新感知这个世界的错觉。 inmyfeelings 文字 拾柒",現在妳是,"存一則給之前的朋友寫的一本字書 佩服自己创作这些文字的时候实在是艰难但也还是整合了出来。以前自己真的是一个很喜欢记录很爱表达自己的人 雖然很爱哭会把自己的情绪表达发泄出来。 上高三我几乎每天都能输出好多文字,现在一切变得轻盈自由却忘了当时的自己是如何写下那般深刻的文字的。是因为太幸福了吗... 现在的我拥有一种重新感知这个世界的错觉。 inmyfeelings 文字 拾柒",192,青春随笔,0,情感故事,青春随笔,30,150,raw_real_texts.csv,6.0,2.0,6.0,6.0,6.0,4.0,4.0,4.0,4.0,5.16,该文本以个人反思为主，情感真实但表达较为抽象，缺乏具体场景和细节支撑，导致生动性和代入感不足。作者展现了适度的脆弱性，但认知深度和情节丰富度有限，矛盾未得到解决，角色发展不明显。整体共情力中等，能引发读者对自我表达的共鸣，但感染力受限于文本的简短和模糊。,deepseek-chat
95c1f1952d862a05,"我以为我不会怀念那个夏天 我的青春如此普通,我的青春如此苦涩,我的青春啊,我为什么还是会怀念你 原创 RED新生代创作大赛 文字复兴单元 回忆涌上心头 怀念那年夏天 那年的夏天 怎么不怀念呢 高中 高中回忆录 我以为忘了想念",我以为我不会怀念那个夏天,"我的青春如此普通,我的青春如此苦涩,我的青春啊,我为什么还是会怀念你 原创 RED新生代创作大赛 文字复兴单元 回忆涌上心头 怀念那年夏天 那年的夏天 怎么不怀念呢 高中 高中回忆录 我以为忘了想念",112,青春随笔,0,情感故事,青春随笔,24,33,raw_real_texts.csv,6.0,2.0,6.0,6.0,4.0,2.0,2.0,2.0,4.0,4.86,该文本以简洁的语言表达了对青春苦涩的怀念，情感真挚但缺乏具体细节和情节支撑，导致环境生动性和故事体量不足。认知反思和脆弱性有一定体现，但深度有限。整体上，文本能唤起读者对青春的共同记忆，但在共情力的多个维度上仍有提升空间，尤其是通过增加具体场景和情感细节来增强感染力。,deepseek-chat
49857ea31f5ba69d,"感觉帖主说的14岁不一定真的指14岁,它可以是15岁16岁甚至20岁21岁,可以是人生任何一个阶段的夏日——只要这个夏日足够美好,只要陪在身边的人或者你本人甚至那段日子足够耀眼,那么日后每一个夏日都会开始怀念,但转念一想,当下我们也能创造一个新的值得怀念的夏日。人生尚未迟暮,万事皆为序章 即使我们成为大人 年少时的我们 日常随笔 青春里的遗憾 原创随笔 遗憾的青春 原创文章 小红书原创随笔 学生时代的暗恋 随笔","感觉帖主说的14岁不一定真的指14岁,它可以是15岁16岁甚至20岁21岁,可以是人生任何一个阶段的夏日——只要这个夏日足够美好,只要陪在身边的人或者你本人甚至那段日子足够耀眼,那么日后每一个夏日都会开始怀念,但转念一想,当下我们也能创造一个新的值得怀念的夏日。人生尚未迟暮,万事皆为序章 即使我们成为大人 年少时的我们 日常随笔 青春里的遗憾 原创随笔 遗憾的青春 原创文章 小红书原创随笔 学生时代的暗恋 随笔","感觉帖主说的14岁不一定真的指14岁,它可以是15岁16岁甚至20岁21岁,可以是人生任何一个阶段的夏日——只要这个夏日足够美好,只要陪在身边的人或者你本人甚至那段日子足够耀眼,那么日后每一个夏日都会开始怀念,但转念一想,当下我们也能创造一个新的值得怀念的夏日。人生尚未迟暮,万事皆为序章 即使我们成为大人 年少时的我们 日常随笔 青春里的遗憾 原创随笔 遗憾的青春 原创文章 小红书原创随笔 学生时代的暗恋 随笔",207,青春随笔,0,情感故事,青春随笔,22,28,raw_real_texts.csv,6.0,2.0,2.0,6.0,8.0,4.0,8.0,6.0,6.0,5.08,该文本以青春夏日为主题，情感基调积极向上，能引发读者对青春与当下的共鸣，但情感表达较为抽象，缺乏具体细节支撑，削弱了共情深度。环境描写和角色脆弱性维度得分较低，使文本显得不够个人化。认知反思和矛盾解决方面表现较好，整体能传递正向情绪，但情节体量较小，故事性不足。建议增加具体场景或经历描述，以增强情感感染力。,deepseek-chat
59ec6a5c2b47bfda,"春天被你目光的温度灼烧,在我们怀抱中凋零 融化的春天,源自于我们的炽热。 文案 原创 青春 随笔 情感 高校诗歌创作联盟 小红书年度诗篇 暗恋 淮蕣文学社 越星水文学社","春天被你目光的温度灼烧,在我们怀抱中凋零","融化的春天,源自于我们的炽热。 文案 原创 青春 随笔 情感 高校诗歌创作联盟 小红书年度诗篇 暗恋 淮蕣文学社 越星水文学社",84,青春随笔,0,情感故事,青春随笔,21,8,raw_real_texts.csv,6.0,2.0,2.0,2.0,4.0,2.0,2.0,2.0,2.0,4.1,该文本以诗意的语言表达了强烈的情感意象，在情感生动性方面有一定表现，但整体篇幅过短，缺乏具体的情节、人物和环境描写，导致共情力不足。文本的抽象表达虽然营造了美感，但未能让读者深入理解角色的内心世界或经历，难以产生强烈的共鸣。建议丰富叙事细节，增加人物脆弱性和认知表述，以提升文本的共情效果。,deepseek-chat
f6118bcb1f892ee8,自存一些极其充满正能量的文案(≧∇≦)/ 充满希望的文案 自由洒脱文案 积极向上热爱生活的文案 短句文案 积极乐观的温柔文案 有力量的文字 正能量文案 文案素材分享 乐观豁达的文案 有力量带着光的句子,自存一些极其充满正能量的文案(≧∇≦)/,充满希望的文案 自由洒脱文案 积极向上热爱生活的文案 短句文案 积极乐观的温柔文案 有力量的文字 正能量文案 文案素材分享 乐观豁达的文案 有力量带着光的句子,100,治愈文案,1,情感故事,治愈文案,57,39701,raw_real_texts3.csv,2.0,2.0,2.0,2.0,8.0,2.0,2.0,2.0,2.0,2.3,综合评价：该文本本质上是正能量文案的主题标签集合，缺乏具体叙事内容。在情感生动性、环境描写、角色脆弱性、认知深度等维度均表现极低，无法唤起读者共情。唯一亮点是整体语气积极乐观，但缺乏情节支撑，共情力整体薄弱。建议补充具体故事、人物细节和情感转折以增强共情效果。,deepseek-chat
330990eb717f46d2,想要淡淡幸福感文案 二编:不要抽象!!!!!!! 在看到会删的!别发shiniaopi了。。。谢谢各位再看到的话可以向我举报我去删。。 表达积极热爱生活的文案 感知幸福的能力 日常碎片的简短文案 幸福感 幸福感文案 血魚契約 文案 梦女文案 感受到了文字的力量,想要淡淡幸福感文案,想要淡淡幸福感文案 二编:不要抽象!!!!!!! 在看到会删的!别发shiniaopi了。。。谢谢各位再看到的话可以向我举报我去删。。 表达积极热爱生活的文案 感知幸福的能力 日常碎片的简短文案 幸福感 幸福感文案 血魚契約 文案 梦女文案 感受到了文字的力量,130,治愈文案,1,情感故事,治愈文案,41,37805,raw_real_texts3.csv,2.0,2.0,2.0,2.0,6.0,2.0,2.0,2.0,2.0,2.2,该文本为关键词列表，缺乏叙事性和情感表达，难以唤起读者共情。优势在于明确指向'幸福感'主题，但未展开任何具体内容。不足在于所有维度得分极低，无法形成情感共鸣。建议补充具体场景、情感细节和个人体验，以增强共情力。,deepseek-chat
eaf9d47df60ef768,生命力 文艺感 文案 我们还年轻 长长的人生可以受一点风浪 充满希望的文案[话题] 文案素材分享[话题] 文艺句子[话题] 小众文案[话题] 治愈文案[话题] 三毛[话题] 随笔[话题] 文案[话题] 无风格小众文案[话题] 今日文案[话题],生命力 文艺感 文案,我们还年轻 长长的人生可以受一点风浪 充满希望的文案[话题] 文案素材分享[话题] 文艺句子[话题] 小众文案[话题] 治愈文案[话题] 三毛[话题] 随笔[话题] 文案[话题] 无风格小众文案[话题] 今日文案[话题],121,治愈文案,1,情感故事,治愈文案,17,30014,raw_real_texts2.csv,2.0,2.0,2.0,2.0,8.0,2.0,2.0,2.0,2.0,2.3,该文本是一句简短的励志标语，缺乏具体的叙事和情感细节，难以唤起读者的深度共情。其优势在于语气积极乐观，能传递正向情绪，但整体内容过于抽象和单薄，在情感生动性、环境描写、角色塑造等关键维度上均表现不足。建议增加具体的故事场景、人物经历或情感细节，以增强文本的感染力和共情力。,deepseek-chat
27f57f9de499787d,"莫辜负茶 汤 好天气 / 你花了整个童年学习如何蜷缩起来不碍事,如今需要花时间重新伸展四肢,去感受自己在天地间本应有的位置。世界不再是你记忆中的模样,而你也不再需要为存在本身道歉。 人生忽如寄,莫辜负茶、汤、好天气。 谨慎地拥有,珍惜地使用,勇敢地放弃。 在我有生之日,做一个真诚的人。不放弃对生活的热爱和执着,在有限的时空里过着无限广大的日子。 手写 摘抄 文字 文案 排版小动物 治愈拼贴 波点控 古早味 我被文字打动 4605_",莫辜负茶 汤 好天气,"/ 你花了整个童年学习如何蜷缩起来不碍事,如今需要花时间重新伸展四肢,去感受自己在天地间本应有的位置。世界不再是你记忆中的模样,而你也不再需要为存在本身道歉。 人生忽如寄,莫辜负茶、汤、好天气。 谨慎地拥有,珍惜地使用,勇敢地放弃。 在我有生之日,做一个真诚的人。不放弃对生活的热爱和执着,在有限的时空里过着无限广大的日子。 手写 摘抄 文字 文案 排版小动物 治愈拼贴 波点控 古早味 我被文字打动 4605_",217,治愈文案,1,情感故事,治愈文案,37,29664,raw_real_texts.csv,6.0,2.0,6.0,6.0,8.0,4.0,8.0,6.0,6.0,5.48,综合评价：该文本以简洁的治愈系文字传达了从自我压抑到自我接纳的积极转变，情感基调温暖向上，能引发读者对生活态度的共鸣。然而，文本缺乏具体场景和人物细节，情感表达较为抽象，削弱了共情的深度。在环境描写和情节体量上明显不足，使得整体叙事性较弱。若能补充具体的生活片段或个人经历，将更有效地唤起读者的情感共鸣。,deepseek-chat
3419e78cb654af1b,生命力 文艺感 文案 我们还年轻 长长的人生可以受一点风浪 充满希望的文案 文案素材分享 文艺句子 小众文案 治愈文案 三毛 随笔 文案 无风格小众文案 今日文案,生命力 文艺感 文案,我们还年轻 长长的人生可以受一点风浪 充满希望的文案 文案素材分享 文艺句子 小众文案 治愈文案 三毛 随笔 文案 无风格小众文案 今日文案,81,治愈文案,1,情感故事,治愈文案,47,28089,raw_real_texts3.csv,2.0,2.0,2.0,2.0,8.0,2.0,4.0,2.0,2.0,2.36,综合评价：该文本作为一句简短文案，在情感生动性、环境描写、角色脆弱性等核心共情维度上表现薄弱，缺乏具体细节和叙事支撑，难以唤起读者深度共情。其优势在于语气乐观、主题积极，能传递一定的鼓励感，但整体内容过于抽象和碎片化，共情力有限。若需提升共情效果，建议补充具体场景、人物经历或情感细节，使抽象观点更具代入感。,deepseek-chat
19b84b2099e60aa6,"原作者: 多年前的夏天,在大树下第一次听见蝉鸣时喜悦的时刻,已然是上个世纪的回望了。更大的世界会稀释痛苦,也会稀释爱。 阅读 女性成长 分享 明亮的夜晚 知识 生命的意义在于感受 那份具象的爱 慢慢理解世界 这个世界会好的 爱我缓慢向上的勇气","更大的世界会稀释痛苦,也会稀释爱。","原作者: 多年前的夏天,在大树下第一次听见蝉鸣时喜悦的时刻,已然是上个世纪的回望了。更大的世界会稀释痛苦,也会稀释爱。 阅读 女性成长 分享 明亮的夜晚 知识 生命的意义在于感受 那份具象的爱 慢慢理解世界 这个世界会好的 爱我缓慢向上的勇气",121,治愈文案,1,情感故事,治愈文案,35,24498,raw_real_texts.csv,6.0,2.0,6.0,6.0,6.0,4.0,4.0,4.0,6.0,5.2,综合评价：该文本以简洁的散文式语言表达了对时间流逝和情感变化的个人感悟，情感基调中性偏积极，具有一定的认知深度。然而，在环境描写、情节体量和角色发展方面较为薄弱，缺乏具体细节和故事性，导致整体共情唤起力有限。若能丰富场景细节、深化个人脆弱性表达并增加情绪转变的层次，将更有效地引发读者共鸣。,deepseek-chat
f5c39f4eaa88d6fb,"摘抄|我想,人生是可以慢半拍,再慢半拍的。 01 我想,人生是可以慢半拍, 再慢半拍的。 生命的钟表不能一味的往前拨, 要习惯自己是生活的迟到者。 当生命的时钟有张有驰、 疾徐有致地行走地时候, 我们地日子才会随着日升日落, 发出流水一样清脆地足音。 /迟子建 02 虽然辛苦, 我还是会选择那种滚烫地人生。 /北野武 03 只有我才会帮助自己 越过一山又一山, 克服一次又一次难关。 /亦舒《我的前半生》 04 我的路,不管什么时候 都是崭新的路, 今天是,明天还是。 /尹东柱《新路》 05 去成为你本应该成为的人, 任何时候都不会太晚。 /乔治·艾略特 06 我们可以把时间浪费在自己喜欢的事情上, 但不可以困在自己讨厌的生活方式里。 /福斯特·莱士《生命中最简单又最困难的事》 07 明天和生命尽头,常常清晰可见, 时间折蝶,春光晃眼 /冯唐《见一面吧》 生活美学 摘抄 人生的意义 句子","摘抄|我想,人生是可以慢半拍,再慢半拍的。","01 我想,人生是可以慢半拍, 再慢半拍的。 生命的钟表不能一味的往前拨, 要习惯自己是生活的迟到者。 当生命的时钟有张有驰、 疾徐有致地行走地时候, 我们地日子才会随着日升日落, 发出流水一样清脆地足音。 /迟子建 02 虽然辛苦, 我还是会选择那种滚烫地人生。 /北野武 03 只有我才会帮助自己 越过一山又一山, 克服一次又一次难关。 /亦舒《我的前半生》 04 我的路,不管什么时候 都是崭新的路, 今天是,明天还是。 /尹东柱《新路》 05 去成为你本应该成为的人, 任何时候都不会太晚。 /乔治·艾略特 06 我们可以把时间浪费在自己喜欢的事情上, 但不可以困在自己讨厌的生活方式里。 /福斯特·莱士《生命中最简单又最困难的事》 07 明天和生命尽头,常常清晰可见, 时间折蝶,春光晃眼 /冯唐《见一面吧》 生活美学 摘抄 人生的意义 句子",398,治愈文案,1,情感故事,治愈文案,60,20941,raw_real_texts3.csv,6.0,2.0,2.0,6.0,8.0,4.0,4.0,4.0,4.0,4.86,该文本以格言式摘抄为主，侧重哲理表达与积极人生态度，认知维度得分较高，但缺乏具体情节、环境描写和个人脆弱性，导致情感共鸣和代入感较弱。语气乐观，能传递正向力量，但叙事性不足，难以让读者产生深层次的情感沉浸。整体共情力中等偏下，更适合作为励志语录而非叙事性文本。,deepseek-chat
dbc092e780d7ab2b,"李娟真的太会写了,这段看得我泪流满面 我不得安宁。 无论生活在多么偏远僻静的地方, 我的心都不得安宁。 我最嘈杂,最贪婪。 我与眼下这世界格格不入。 眼下世界里,青草顶天而生, 爬虫昼追日,夜逐月。 风是透明的河流,雨是冰凉的流星。 只有我最简陋,最局促。 我酝酿出一份巨大的悲哀, 却流不出几行眼泪。 我全面坦露自己的软弱, 捶胸顿足,小丑般无理取闹。 可万物充耳不闻。 我无数遍讲诉自己的孤独, 又讲诉千万人的万种孤独。 越讲越尴尬,独自站在地球上,无法收场。 ——李娟《遥远的向日葵地》 读书 情感 孤独 美文 文学 书籍 李娟 治愈书单 好句摘抄分享 遥远的向日葵地 我被文字感动了 文学的力量 infj 治愈系散文","李娟真的太会写了,这段看得我泪流满面","我不得安宁。 无论生活在多么偏远僻静的地方, 我的心都不得安宁。 我最嘈杂,最贪婪。 我与眼下这世界格格不入。 眼下世界里,青草顶天而生, 爬虫昼追日,夜逐月。 风是透明的河流,雨是冰凉的流星。 只有我最简陋,最局促。 我酝酿出一份巨大的悲哀, 却流不出几行眼泪。 我全面坦露自己的软弱, 捶胸顿足,小丑般无理取闹。 可万物充耳不闻。 我无数遍讲诉自己的孤独, 又讲诉千万人的万种孤独。 越讲越尴尬,独自站在地球上,无法收场。 ——李娟《遥远的向日葵地》 读书 情感 孤独 美文 文学 书籍 李娟 治愈书单 好句摘抄分享 遥远的向日葵地 我被文字感动了 文学的力量 infj 治愈系散文",312,治愈文案,1,情感故事,治愈文案,39,20905,raw_real_texts.csv,10.0,6.0,10.0,10.0,2.0,4.0,2.0,2.0,4.0,8.16,综合评价：该文本以极其强烈的情感宣泄和深刻的自我剖析，成功唤起读者的共情，尤其在情感生动性和角色脆弱性维度表现突出。然而，文本缺乏情节支撑和矛盾解决，整体情绪基调过于悲观且单一，导致故事性和情绪转变维度得分较低。尽管如此，其文学性的表达和真诚的内心独白仍具有强大的感染力，适合引发读者对孤独与自我认同的深度共鸣。,deepseek-chat
93a45511fbe4b0e8,"被文字治愈的瞬间3️⃣5️⃣ 记录吧就现在 幸福是一只难以捕捉的蝴蝶,但如果你安静的坐在那里,也许它会落在你的手上૮ ̇Ⱉ ̇ ა 谢谢你能包容我口是心非的性格和时好时坏的脾气づ ど 你说同频的人像礼物,我说爱你的人可以调频(ღ ‿ ღ) 我一定要成为全世界最爱我的人 ́•ع•` 被你改变的那部分,我代替你和我站在一起•͈ 3 •͈ 你和我玩,算你有品,谢谢你੭ ᐕ)੭ 文字的力量 很治愈我的话 手写信 电子手帐 便利贴纸 可爱风 小众文案 文字背景图",被文字治愈的瞬间3️⃣5️⃣,"记录吧就现在 幸福是一只难以捕捉的蝴蝶,但如果你安静的坐在那里,也许它会落在你的手上૮ ̇Ⱉ ̇ ა 谢谢你能包容我口是心非的性格和时好时坏的脾气づ ど 你说同频的人像礼物,我说爱你的人可以调频(ღ ‿ ღ) 我一定要成为全世界最爱我的人 ́•ع•` 被你改变的那部分,我代替你和我站在一起•͈ 3 •͈ 你和我玩,算你有品,谢谢你੭ ᐕ)੭ 文字的力量 很治愈我的话 手写信 电子手帐 便利贴纸 可爱风 小众文案 文字背景图",228,治愈文案,1,情感故事,治愈文案,51,19994,raw_real_texts3.csv,6.0,2.0,6.0,6.0,8.0,4.0,4.0,4.0,4.0,5.26,该文本以温暖、感恩和俏皮的语气为主，情感表达生动但缺乏深度场景支撑，环境描写几乎缺失，角色脆弱性仅部分展现。认知层面有简短思考，但情节体量小，矛盾与发展不明显，情绪转变平缓。整体上，文本能唤起读者的温馨共鸣，但在叙事丰富性和情感层次上仍有提升空间，共情力中等偏上。,deepseek-chat
030f42cc8c8dcddd,"分享丨每一句都独一无二丨INFP的荒芜诗 - 写给INFP的五封信,期待被听到回音 晚安,自用随意→ - 听闻将叹息折成蝴蝶时, 风会把它送往有回音的山谷。 - 和蒲公英密谋一场叛逃,目的地:乌托邦银河渡口。 - 我的灵魂是只褪色的月亮纸船,但你眼里有让它航行的海。 - 爱是我伤口上,你坚持播种的玫瑰园。 - 最暴烈的温柔,是让每个雪夜倒退着降落—— 回到云,回到铅灰色的神明的咳嗽。 - 人人都是浪漫诗人[话题] 文艺句子[话题] 作家笔下的浪漫[话题] 浪漫文字的记录者[话题] 治愈系诗歌[话题] 句子控[话题] 人生流淌在诗歌里[话题] WeChat文案[话题] 个性签名[话题] 短句[话题]",分享丨每一句都独一无二丨INFP的荒芜诗,"- 写给INFP的五封信,期待被听到回音 晚安,自用随意→ - 听闻将叹息折成蝴蝶时, 风会把它送往有回音的山谷。 - 和蒲公英密谋一场叛逃,目的地:乌托邦银河渡口。 - 我的灵魂是只褪色的月亮纸船,但你眼里有让它航行的海。 - 爱是我伤口上,你坚持播种的玫瑰园。 - 最暴烈的温柔,是让每个雪夜倒退着降落—— 回到云,回到铅灰色的神明的咳嗽。 - 人人都是浪漫诗人[话题] 文艺句子[话题] 作家笔下的浪漫[话题] 浪漫文字的记录者[话题] 治愈系诗歌[话题] 句子控[话题] 人生流淌在诗歌里[话题] WeChat文案[话题] 个性签名[话题] 短句[话题]",302,治愈文案,1,情感故事,治愈文案,15,18517,raw_real_texts2.csv,6.0,2.0,6.0,2.0,4.0,4.0,2.0,2.0,4.0,4.62,综合评价：该文本以诗意和意象化的语言表达了INFP内心的孤独与浪漫，情感生动性尚可，但缺乏具体情境和叙事支撑，导致共情唤起更多依赖读者自身的联想。文本在脆弱性上有所体现，但认知深度和情节发展明显不足，整体情绪基调偏悲观且缺乏转变。优势在于语言的美感和象征性，不足在于叙事性和个人化细节的缺失，难以让读者产生深层次的代入感。,deepseek-chat
2b67401ce70c22a2,"“人生是可以慢半拍,再慢半拍的。” 我想,人生是可以慢半拍,再慢半拍的。生命的钟表,不能一味地往前拨,要习惯自己是生活的迟到者。当生命的时钟有张有弛、疾徐有致地行走的时候,我们的日子,才会随着日升月落,发出流水一样清脆的足音。 ——迟子建《也是冬天也是春天》 好句摘抄分享 手写 文字 我会被文字打动 文案 治愈 人生感悟 每日练字打卡 情感 小红书小美说","“人生是可以慢半拍,再慢半拍的。”","我想,人生是可以慢半拍,再慢半拍的。生命的钟表,不能一味地往前拨,要习惯自己是生活的迟到者。当生命的时钟有张有弛、疾徐有致地行走的时候,我们的日子,才会随着日升月落,发出流水一样清脆的足音。 ——迟子建《也是冬天也是春天》 好句摘抄分享 手写 文字 我会被文字打动 文案 治愈 人生感悟 每日练字打卡 情感 小红书小美说",178,治愈文案,1,情感故事,治愈文案,48,18320,raw_real_texts3.csv,6.0,2.0,2.0,6.0,8.0,2.0,4.0,2.0,2.0,4.68,该文本是一段富有哲思的短句摘抄，以比喻手法传递从容生活的人生态度，情感基调温和治愈，但缺乏具体情节、角色和场景描写，导致叙事性较弱。在认知表述上虽有一定深度，但整体共情力主要依赖于读者的共鸣而非文本自身的感染力。建议增加个人化经历或细节描写，以提升情感生动性和角色脆弱性，从而增强共情效果。,deepseek-chat
20339b4cb332d8c6,"好有生命力的文案,每一句都爱死了! 我与世界,都是帧帧瞬间。 我可是主角,这跌宕,是必然的。 充满希望的文案[话题] 自由洒脱文案[话题] 有力量带着光的句子[话题] 文字的力量[话题] 积极向上热爱生活的文案[话题] 生命力[话题] 乐观豁达的文案[话题] 生命力文案[话题]","好有生命力的文案,每一句都爱死了!","我与世界,都是帧帧瞬间。 我可是主角,这跌宕,是必然的。 充满希望的文案[话题] 自由洒脱文案[话题] 有力量带着光的句子[话题] 文字的力量[话题] 积极向上热爱生活的文案[话题] 生命力[话题] 乐观豁达的文案[话题] 生命力文案[话题]",139,治愈文案,1,情感故事,治愈文案,13,13575,raw_real_texts2.csv,6.0,2.0,2.0,6.0,8.0,4.0,4.0,4.0,4.0,4.86,综合评价：该文本以简练有力的语言传递了积极向上的生命力，能够引发读者共鸣，但在情感和环境描写上缺乏具体细节，削弱了共情深度。角色脆弱性和认知表述较为薄弱，限制了读者对文本的深入投入。整体语气乐观，但情节和矛盾处理简单，导致叙事张力不足。建议增加具体场景和个人化经历，以增强共情力。,deepseek-chat
df9b24e1b5447b8a,哪句话总能带给你平静? 句子很短却字字入心 人间清醒语录分享 暖心句子分享 自我成长 疗愈 emo 生活 思考人生 感悟人生 名言警句,哪句话总能带给你平静?,句子很短却字字入心 人间清醒语录分享 暖心句子分享 自我成长 疗愈 emo 生活 思考人生 感悟人生 名言警句,67,治愈文案,1,情感故事,治愈文案,55,11991,raw_real_texts3.csv,2.0,2.0,2.0,2.0,6.0,2.0,2.0,2.0,2.0,2.2,该文本本质上是社交媒体标签集合，缺乏具体叙事内容，所有维度得分均处于最低区间。文本仅通过关键词暗示主题，但未提供任何可引发共情的具体情境、人物或情感细节。作为共情力评估对象，其信息量严重不足，无法有效唤起读者情感共鸣。建议补充具体故事、场景或人物经历以提升共情力。,deepseek-chat
080475f59973b93f,好的文字总是振聋发聩。 太喜欢这句话了 每每读起 都仿佛看到了朝阳升起 / 文字是有力量的 文字的力量振聋发聩 感受文字的美好 我被文字打动 笔记灵感 每日手写 手写字体 手写 三毛,好的文字总是振聋发聩。,太喜欢这句话了 每每读起 都仿佛看到了朝阳升起 / 文字是有力量的 文字的力量振聋发聩 感受文字的美好 我被文字打动 笔记灵感 每日手写 手写字体 手写 三毛,91,治愈文案,1,情感故事,治愈文案,56,11469,raw_real_texts3.csv,6.0,2.0,2.0,6.0,8.0,2.0,2.0,2.0,2.0,4.62,综合评价：该文本以简洁的语句表达了对文字力量的喜爱和共鸣，情感真挚但缺乏深度和细节。在情感生动性上有所体现，但环境描写、角色脆弱性和情节体量均不足，导致共情力有限。文本整体语气乐观，但缺乏情绪转变和角色发展，难以引发读者深层次的共情。建议增加具体场景和个人经历描述，以增强文本的感染力和共情效果。,deepseek-chat
b887b09a7fe6d91e,"我们只是跋涉,不用琢磨太多 可不可以有一些时刻,我们就在一片空旷中闲坐,不谈具体,无所谓现实的任何,清晰的东西太多了,转瞬即逝反而像一种把握,你在想什么?想我们只是跋涉,深一脚浅一脚,呼吸错落,从前和以后都不复存在,看见我吧,也关心我,不用琢磨太多","我们只是跋涉,不用琢磨太多","可不可以有一些时刻,我们就在一片空旷中闲坐,不谈具体,无所谓现实的任何,清晰的东西太多了,转瞬即逝反而像一种把握,你在想什么?想我们只是跋涉,深一脚浅一脚,呼吸错落,从前和以后都不复存在,看见我吧,也关心我,不用琢磨太多",124,治愈文案,1,情感故事,治愈文案,39,10930,raw_real_texts.csv,6.0,2.0,6.0,6.0,4.0,2.0,2.0,2.0,2.0,4.82,该文本以抒情和哲思为主，情感表达含蓄而真实，能引发读者对存在与关系的共鸣，但在环境描写、情节发展和矛盾解决方面较为薄弱。角色脆弱性体现不足，缺乏个人化细节，削弱了共情的深度。整体上，文本在情感氛围上具有一定感染力，但叙事性不足，限制了共情力的全面发挥。,deepseek-chat
937f8ae8b5b006eb,就这样淡淡地记录 ᄋᄉᄋ/。 1.今天也是阴天。老天想不开的时候就会这样。 2.要么写 要么不写。我的意愿是写。 3.像玩文字游戏一样的 我的日记被我玩。 4.其实我这一生要做的事情只有三件:1好好休息 / 2好好学习 / 3好好体验。 5.但我擅长的事情:把简单的事变复杂。 6.更擅长的事情:对复杂的事情生气。 7.( ̀ ́) (被气笑就会变成这样的人) 8.骗你的。我其实什么都不想做。但真的什么都不做的话我也会生气。一生气就会容易想哭。想哭就会泪如雨下。那我是什么?雨刮器吗? 9.想祝你幸福很久。这句是真的。 10.凑十全十美来的。以上。 / : 懒人日记 文字 随笔 发疯文学 一些有的没的,就这样淡淡地记录 ᄋᄉᄋ/。,1.今天也是阴天。老天想不开的时候就会这样。 2.要么写 要么不写。我的意愿是写。 3.像玩文字游戏一样的 我的日记被我玩。 4.其实我这一生要做的事情只有三件:1好好休息 / 2好好学习 / 3好好体验。 5.但我擅长的事情:把简单的事变复杂。 6.更擅长的事情:对复杂的事情生气。 7.( ̀ ́) (被气笑就会变成这样的人) 8.骗你的。我其实什么都不想做。但真的什么都不做的话我也会生气。一生气就会容易想哭。想哭就会泪如雨下。那我是什么?雨刮器吗? 9.想祝你幸福很久。这句是真的。 10.凑十全十美来的。以上。 / : 懒人日记 文字 随笔 发疯文学 一些有的没的,302,治愈文案,1,情感故事,治愈文案,33,10741,raw_real_texts.csv,6.0,2.0,6.0,6.0,4.0,4.0,2.0,2.0,4.0,4.94,该文本以碎片化的日记形式呈现，情感表达真实但较为抽象，缺乏具体场景和细节支撑，导致情感和环境生动性不足。作者展现了自我矛盾和脆弱性，但认知反思深度有限，整体语气偏悲观。情节体量小，矛盾未解决，角色无发展，情绪转变平缓。优势在于真实地捕捉了日常情绪波动，但共情唤起力受限于表达方式的零散和深度不足。,deepseek-chat
29463577be64833d,自存一些有生命力和幸福感的文案!! 我要稳稳的幸福 做坚定的幸福主义者 愿我们都能站在幸福里 文案馆 文案分享 文案,我要稳稳的幸福,自存一些有生命力和幸福感的文案!! 我要稳稳的幸福 做坚定的幸福主义者 愿我们都能站在幸福里 文案馆 文案分享 文案,58,治愈文案,1,情感故事,治愈文案,37,10159,raw_real_texts.csv,2.0,2.0,2.0,2.0,8.0,2.0,2.0,2.0,2.0,2.3,综合评价：该文本为简短的幸福主题文案集合，内容高度概括且缺乏具体叙事，情感表达流于表面，难以引发深层共情。优势在于语气积极乐观，能传递正向情绪；但不足在于缺乏生动细节、个人化经历和情节支撑，整体共情力较弱。建议补充具体故事场景和情感细节以增强感染力。,deepseek-chat
39d21f870773cc0e,一期木质系文案 一些简短的 温和的 治愈的小文案 文案[话题] 手写[话题] 句子分享[话题] 温柔系治愈文案[话题] 文艺[话题] 时间治愈一切[话题] 红薯小助手创作者[话题] 底图来自网络~,一期木质系文案,一些简短的 温和的 治愈的小文案 文案[话题] 手写[话题] 句子分享[话题] 温柔系治愈文案[话题] 文艺[话题] 时间治愈一切[话题] 红薯小助手创作者[话题] 底图来自网络~,98,治愈文案,1,情感故事,治愈文案,9,9495,raw_real_texts2.csv,2.0,2.0,2.0,2.0,6.0,2.0,2.0,2.0,2.0,2.2,综合评价：该文本本质上是社交媒体上的话题标签集合，缺乏具体的叙事内容、人物塑造和情感描写，因此几乎无法唤起读者的共情。其优势仅在于通过“治愈”“温和”等关键词暗示了一种积极情绪基调，但缺乏任何实质性内容来支撑这种暗示。整体而言，该文本在共情力各维度上均表现极弱，属于高度抽象、非叙事性的文本，难以引发读者的情感共鸣。,deepseek-chat
8e53675c9b86dde0,高级治愈文案 1、曲曲折折的路总有它的道理 2、自能生羽翼 何必仰云梯 3.、心静可通万事理 4、别听世俗的耳语 去看自己喜欢的风景 5、我先成为我自己 6、零碎的岛屿终会遇到海 7、风是自由的 而我不是 8、我们都在往前走 所以你也别掉队 9、慢慢理解世界 慢慢更新自己 10、内心丰盈者 独行也出众 11、你开始无趣又光鲜日复一日 12、我野蛮生长 自己便是月亮 13、我被高山围绕山水自然为我祈祷 14、永远自由如风永远为我着迷 15、再狭小的树缝也会被月亮拥抱 16、随心所欲的生活更顺风顺水 17、山不见我我自去看山 18、那就做野花随风起永不散 19、我呢会有破碎 但阳光明媚才是我 20、我们都在往前走 所以也请你别掉队 21、风和我都是自由的 22、生活是个动词 23、且听风吟 静待花开 24、日出是免费的 春夏秋冬也是 25、每天开心就会每天漂亮 26、记忆是一个橘子罐头 27、晒到的阳光分你一半 28、明天太遥远 我要现在,高级治愈文案,1、曲曲折折的路总有它的道理 2、自能生羽翼 何必仰云梯 3.、心静可通万事理 4、别听世俗的耳语 去看自己喜欢的风景 5、我先成为我自己 6、零碎的岛屿终会遇到海 7、风是自由的 而我不是 8、我们都在往前走 所以你也别掉队 9、慢慢理解世界 慢慢更新自己 10、内心丰盈者 独行也出众 11、你开始无趣又光鲜日复一日 12、我野蛮生长 自己便是月亮 13、我被高山围绕山水自然为我祈祷 14、永远自由如风永远为我着迷 15、再狭小的树缝也会被月亮拥抱 16、随心所欲的生活更顺风顺水 17、山不见我我自去看山 18、那就做野花随风起永不散 19、我呢会有破碎 但阳光明媚才是我 20、我们都在往前走 所以也请你别掉队 21、风和我都是自由的 22、生活是个动词 23、且听风吟 静待花开 24、日出是免费的 春夏秋冬也是 25、每天开心就会每天漂亮 26、记忆是一个橘子罐头 27、晒到的阳光分你一半 28、明天太遥远 我要现在,423,治愈文案,1,情感故事,治愈文案,20,7497,raw_real_texts2.csv,6.0,2.0,2.0,6.0,8.0,4.0,4.0,4.0,6.0,4.9,该文本以短句格言形式传递治愈和励志信息，情感表达简洁有力，但缺乏具体叙事和细节，导致情感生动性和环境生动性不足。角色脆弱性较弱，难以让读者深入共情。认知反思和积极语气是亮点，但情节体量和矛盾解决程度较低，整体共情力中等。若增加具体故事和情感细节，可提升共情效果。,deepseek-chat
7044e2556faff069,"上网就是要看这些的 心暖暖的 大炮轰地球,感谢你如此温暖如大炮 心里暖暖的[话题] 温暖治愈[话题] 温暖[话题] 治愈[话题] 人生的意义[话题] 生命的意义[话题] 爱你老己[话题] 有被感动到[话题] 文字的力量[话题] 感觉尸体都暖了[话题]",上网就是要看这些的 心暖暖的,"大炮轰地球,感谢你如此温暖如大炮 心里暖暖的[话题] 温暖治愈[话题] 温暖[话题] 治愈[话题] 人生的意义[话题] 生命的意义[话题] 爱你老己[话题] 有被感动到[话题] 文字的力量[话题] 感觉尸体都暖了[话题]",125,治愈文案,1,情感故事,治愈文案,8,7325,raw_real_texts2.csv,6.0,2.0,2.0,2.0,8.0,2.0,2.0,2.0,4.0,4.34,该文本以简短感叹和话题标签传递温暖治愈的情绪，情感基调积极，但缺乏具体叙事、环境描写和个人化细节，导致共情力有限。优势在于语气乐观，能引发读者对温暖感受的共鸣；不足是内容过于碎片化，没有故事支撑，难以让读者深入共情。整体上，文本更像一种情绪宣言，而非完整的叙事文本，因此各维度得分普遍偏低。,deepseek-chat
f126e2d8ec58859a,"“女性最高级的成长:独美,且自恰” 走过很多弯路才发现,女性最好的成长,是先把自己经营好 —— 先独美,拥有取悦自己的能力。再自洽,接纳所有的不完美。内核稳了,一切都顺了 分享几句治愈到骨子里的诗,送给正在独自成长的我们: ▫️我不再寻找,不再等待,不再把幸福寄托在别人的掌心。我开始耕种自己的土地,浇水、施肥,看种子在黑暗里慢慢发芽,看花朵在阳光下静静绽放。—— 席慕容《独白》 ▫️我居于自己的世界,像一个女王,不受世俗的喧嚣打扰,我的思想是我的臣民,我的灵魂是我的城堡。—— 狄金森《我》 ▫️你可以做茉莉、做雏菊、做无名小花,做千千万万。你不必成为谁的附庸,不必活在别人的期待里,你只需做你自己,在自己的节奏里,慢慢生长,静静芬芳。—— 余秀华《你不一定要做玫瑰》 ▫️我和我散步,我和我聊天,我和我在深夜里煮一碗面,我和我在清晨看第一缕阳光。没有孤独,只有和自己好好相处的温柔。—— 林婉瑜《我和我》 ▫️我很小,但我很完整。我有我的喜怒哀乐,我有我的悲欢离合,我不必向谁证明什么,不必为谁改变什么,我就是我,独一无二的我。—— 海桑《小小的我》 愿我们都能在独立成长的路上,与自我和解,与生活温柔相待,活成自己最喜欢的样子 · 在文字里重新来过[话题] 文字的力量[话题] 女性成长[话题] 女性独立[话题] 女性力量崛起[话题] 诗歌美学[话题] 治愈系[话题]","“女性最高级的成长:独美,且自恰”","走过很多弯路才发现,女性最好的成长,是先把自己经营好 —— 先独美,拥有取悦自己的能力。再自洽,接纳所有的不完美。内核稳了,一切都顺了 分享几句治愈到骨子里的诗,送给正在独自成长的我们: ▫️我不再寻找,不再等待,不再把幸福寄托在别人的掌心。我开始耕种自己的土地,浇水、施肥,看种子在黑暗里慢慢发芽,看花朵在阳光下静静绽放。—— 席慕容《独白》 ▫️我居于自己的世界,像一个女王,不受世俗的喧嚣打扰,我的思想是我的臣民,我的灵魂是我的城堡。—— 狄金森《我》 ▫️你可以做茉莉、做雏菊、做无名小花,做千千万万。你不必成为谁的附庸,不必活在别人的期待里,你只需做你自己,在自己的节奏里,慢慢生长,静静芬芳。—— 余秀华《你不一定要做玫瑰》 ▫️我和我散步,我和我聊天,我和我在深夜里煮一碗面,我和我在清晨看第一缕阳光。没有孤独,只有和自己好好相处的温柔。—— 林婉瑜《我和我》 ▫️我很小,但我很完整。我有我的喜怒哀乐,我有我的悲欢离合,我不必向谁证明什么,不必为谁改变什么,我就是我,独一无二的我。—— 海桑《小小的我》 愿我们都能在独立成长的路上,与自我和解,与生活温柔相待,活成自己最喜欢的样子 · 在文字里重新来过[话题] 文字的力量[话题] 女性成长[话题] 女性独立[话题] 女性力量崛起[话题] 诗歌美学[话题] 治愈系[话题]",588,治愈文案,1,情感故事,治愈文案,6,6453,raw_real_texts2.csv,6.0,2.0,6.0,6.0,8.0,4.0,6.0,4.0,4.0,5.32,综合评价：该文本以女性独立成长为主题，通过引用多首治愈系诗句，传递了自我接纳与内在力量的核心思想，语气积极乐观，认知表述清晰。然而，文本在情感和环境生动性上较为抽象，缺乏具体场景和细节支撑，导致共情力稍显不足。角色脆弱性和情节体量有限，更多是普遍性感悟而非个人化叙事，削弱了读者的代入感。整体上，文本在传递正能量和启发思考方面表现良好，但在唤起深层情感共鸣上仍有提升空间。,deepseek-chat
8ffd3d9c9f70cafe,"一些充满能量的句子3.0 最后,应该向前,继续向前 我期待这个春天。 我被文字打动 文字的力量 句子分享 自我成长 高能量 有力量的话 磁场 治愈 infj",一些充满能量的句子3.0,"最后,应该向前,继续向前 我期待这个春天。 我被文字打动 文字的力量 句子分享 自我成长 高能量 有力量的话 磁场 治愈 infj",78,治愈文案,1,情感故事,治愈文案,33,4784,raw_real_texts.csv,2.0,2.0,2.0,2.0,6.0,2.0,4.0,2.0,2.0,2.26,综合评价：该文本为一句简短的励志语录，情感表达直接但缺乏深度和细节，难以引发读者强烈的共情。文本在情感生动性、环境描写、角色脆弱性和认知深度上均表现不足，整体叙事体量极小，未构建出完整的故事或情感弧线。其优势在于传递了积极向前的态度，但共情力整体较弱，更适合作为社交媒体的简短激励语，而非具有叙事感染力的文本。,deepseek-chat
a4d08d61070b3388,"青海|人间塞尔达 一场五彩斑斓的梦 穿越荒漠、戈壁、湖泊、雪山与无人区 终于读懂了西北的孤寂与浪漫 短短几帧画面 装不下青海万分之一的辽阔 德令哈的温柔、柏树山的冷峻 托素湖的湛蓝、昆仑山的巍峨 察尔汗的翡翠、可可西里的精灵 日月山的经幡、青海湖的海鸥 水上雅丹的孤绝,还有藏在旷野里的自由 每一幕,都是这片土地写给我的诗 青海 人间塞尔达 西北大环线 青海旅行 治愈系风景 德令哈 可可西里 察尔汗盐湖 昆仑山 水上雅丹",青海|人间塞尔达,"一场五彩斑斓的梦 穿越荒漠、戈壁、湖泊、雪山与无人区 终于读懂了西北的孤寂与浪漫 短短几帧画面 装不下青海万分之一的辽阔 德令哈的温柔、柏树山的冷峻 托素湖的湛蓝、昆仑山的巍峨 察尔汗的翡翠、可可西里的精灵 日月山的经幡、青海湖的海鸥 水上雅丹的孤绝,还有藏在旷野里的自由 每一幕,都是这片土地写给我的诗 青海 人间塞尔达 西北大环线 青海旅行 治愈系风景 德令哈 可可西里 察尔汗盐湖 昆仑山 水上雅丹",211,治愈文案,1,情感故事,治愈文案,44,4357,raw_real_texts3.csv,6.0,10.0,2.0,6.0,8.0,6.0,4.0,2.0,4.0,6.08,综合评价：该文本以壮丽的自然景观和丰富的环境描写见长，能有效唤起读者对青海的向往和视觉共情，但在情感深度、个人脆弱性和叙事发展上较为薄弱。文本更像是一篇旅行宣传文案，而非完整的叙事故事，因此共情力主要来源于环境感染力和积极氛围，而非人物情感共鸣。若能加入具体人物经历或内心变化，共情效果将显著提升。,deepseek-chat
4a9b92ac74054b01,"爱|“你知道吧 我在写你”” “你知道吧 我在写你” / 我没有办法比 明天的我更喜欢你 / 想念一次真实的约会 电子玫瑰没有花香 / 爱 , 原就是自卑弃暗投明的时刻 / 你知道吧 我在写你 / 只要你说你爱我[话题] 我们需要爱[话题] 我会被文字打动[话题] 治愈心情[话题] 我的文字里有你的故事[话题] 分享文案[话题] 书摘[话题] 文字摘录[话题] 每日书摘[话题] 壁纸[话题] 阅读马拉松[话题]",爱|“你知道吧 我在写你””,"“你知道吧 我在写你” / 我没有办法比 明天的我更喜欢你 / 想念一次真实的约会 电子玫瑰没有花香 / 爱 , 原就是自卑弃暗投明的时刻 / 你知道吧 我在写你 / 只要你说你爱我[话题] 我们需要爱[话题] 我会被文字打动[话题] 治愈心情[话题] 我的文字里有你的故事[话题] 分享文案[话题] 书摘[话题] 文字摘录[话题] 每日书摘[话题] 壁纸[话题] 阅读马拉松[话题]",207,治愈文案,1,情感故事,治愈文案,19,4252,raw_real_texts2.csv,6.0,2.0,6.0,6.0,6.0,4.0,4.0,4.0,4.0,5.16,该文本以抒情短句表达爱意与自卑，情感真挚但抽象，缺乏具体场景和叙事支撑，导致共情唤起有限。优势在于认知性金句（如'爱是自卑弃暗投明的时刻'）能引发共鸣，但环境、情节和角色发展的缺失削弱了整体感染力。建议增加具体细节和情感起伏，以增强读者的代入感。,deepseek-chat
d6d2d46b7b407f70,"台湾文学|那些细腻与潮湿的描写 【1】 我们憧憬的人生前景,是金色的,未来命运的凶险,我们当时浑然未觉。 ——白先勇《树犹如此》 【2】 我们不要在这里,跟我回去18岁,躲到台大校园杜鹃花丛下,不要被命运找到。 但是我无法避免 十八岁那一年对警告置若罔闻, 我了解我自己,我如果重回十八岁, 我仍然会从杜鹃花丛中冲出来,对命运说 ,我在这里。 ——简媜《相逢在异国的夏日午后》 【3】 那年我十四岁,我最好的朋友是孔兆年和狼狗,我最想念的人是何雅文。我还记得他们躲起来之前的样子。1998年11月 【4】 世界分分秒秒在破碎, 爱在破碎, 希望在破碎,信念在破碎, 像站在一个火山口, 我所爱的人一个个掉进火山里, 身上每个细胞 仿佛都在起火燃烧, 痛苦的意识 把一秒钟延长成无限。 ——邱妙津《鳄鱼手记》 【5】 因为再热烈的话语都不过是我们对世界的,生疏的证言。 ——童伟格《西北雨》 - 关于SankToys Lonely Together.一个简单有趣,耐人寻味的潮流玩具美学品牌。 「独·白」是专属于SankToys的文字栏目,和你分享浪漫小众的句子。你可以说出你心里的诗句,我们将它孕育成画作邮寄给你,让孤独彼此链接。 - 人生流淌在文字里 文学的力量 令人惊艳的句子 文学 惊艳到你的句子 台湾文学 惊艳你的句子 文案素材分享 今日文案 情感文案",台湾文学|那些细腻与潮湿的描写,"【1】 我们憧憬的人生前景,是金色的,未来命运的凶险,我们当时浑然未觉。 ——白先勇《树犹如此》 【2】 我们不要在这里,跟我回去18岁,躲到台大校园杜鹃花丛下,不要被命运找到。 但是我无法避免 十八岁那一年对警告置若罔闻, 我了解我自己,我如果重回十八岁, 我仍然会从杜鹃花丛中冲出来,对命运说 ,我在这里。 ——简媜《相逢在异国的夏日午后》 【3】 那年我十四岁,我最好的朋友是孔兆年和狼狗,我最想念的人是何雅文。我还记得他们躲起来之前的样子。1998年11月 【4】 世界分分秒秒在破碎, 爱在破碎, 希望在破碎,信念在破碎, 像站在一个火山口, 我所爱的人一个个掉进火山里, 身上每个细胞 仿佛都在起火燃烧, 痛苦的意识 把一秒钟延长成无限。 ——邱妙津《鳄鱼手记》 【5】 因为再热烈的话语都不过是我们对世界的,生疏的证言。 ——童伟格《西北雨》 - 关于SankToys Lonely Together.一个简单有趣,耐人寻味的潮流玩具美学品牌。 「独·白」是专属于SankToys的文字栏目,和你分享浪漫小众的句子。你可以说出你心里的诗句,我们将它孕育成画作邮寄给你,让孤独彼此链接。 - 人生流淌在文字里 文学的力量 令人惊艳的句子 文学 惊艳到你的句子 台湾文学 惊艳你的句子 文案素材分享 今日文案 情感文案",580,治愈文案,1,情感故事,治愈文案,46,3280,raw_real_texts3.csv,10.0,6.0,6.0,6.0,4.0,4.0,2.0,2.0,6.0,7.58,综合评价：该文本以台湾文学片段拼贴形式呈现，情感表达极为生动，能迅速唤起读者对命运与失去的共情。然而，由于缺乏完整情节和角色发展，故事性较弱，矛盾未获解决，整体结构较为碎片化。语气偏悲观，但认知思考的深度为文本增添了哲思色彩。若能补充更多角色背景与情节推进，共情力将更为持久和深入。,deepseek-chat
64005bbac69e26b7,"我祝你和人类和植物一样幸福 你问我:“你写得你比较喜欢是哪些类型的句子,与什么有关?” 我盯着你发来的消息想了很久,回答不上来,自己也说不清。没有固定的主题,没有刻意的立意,更没有什么宏大的叙事。 我只是拿出手机记录着,各种形状颜色的情绪。开心时写,难过时写,莫名哀愁时写,心里空落时写。写完总会踏实一些。 有时是刚合上书页,有时是一部电影落幕、小说里的情节,胸口翻涌什么,就记下来,就如同这个没有没尾的春天。 基本每天都写,如果非要是说喜欢写那种话,我喜欢写祝福的话,我希望那些轻轻重重的祝福都落在你身上。 / 诗歌 文字 总会被一些文字感动 文字即心情 原创文字",我祝你和人类和植物一样幸福,"你问我:“你写得你比较喜欢是哪些类型的句子,与什么有关?” 我盯着你发来的消息想了很久,回答不上来,自己也说不清。没有固定的主题,没有刻意的立意,更没有什么宏大的叙事。 我只是拿出手机记录着,各种形状颜色的情绪。开心时写,难过时写,莫名哀愁时写,心里空落时写。写完总会踏实一些。 有时是刚合上书页,有时是一部电影落幕、小说里的情节,胸口翻涌什么,就记下来,就如同这个没有没尾的春天。 基本每天都写,如果非要是说喜欢写那种话,我喜欢写祝福的话,我希望那些轻轻重重的祝福都落在你身上。 / 诗歌 文字 总会被一些文字感动 文字即心情 原创文字",283,治愈文案,1,情感故事,治愈文案,59,3218,raw_real_texts3.csv,6.0,2.0,6.0,6.0,8.0,4.0,4.0,4.0,6.0,5.3,该文本以细腻的笔触记录了作者写作时的情绪状态，情感表达真实但略显抽象，缺乏具体场景和细节支撑，削弱了读者的代入感。角色脆弱性适中，作者坦诚了内心的困惑与空落，但个人化信息有限。文本语气温和，结尾的祝福带来一丝暖意，但整体情节体量小，矛盾和发展不足，情绪转变平缓。综合来看，文本在情感共鸣上有一定潜力，但需要更丰富的叙事细节和情感层次来增强共情力。,deepseek-chat
3fa2c91da42b79d1,"治愈系文案|一些很温暖不内耗的文字 生命如此短暂我们没有时间 去争吵、道歉、伤心、斤斤计较 我们只有时间去爱, 一切稍纵即逝 ——马克·吐温 如果你赶不上凌晨五点的日出 不妨看看傍晚六点的夕阳 我的意思是任何时间都不晚 人生没有幸福不幸福 只有知足和不知足。 无病无灾就是福泽,温饱无忧就是幸事。 至于其他, 有则锦上添花,无则依旧风华 赚钱的目的是为了更好的生活 而生活的目的不仅仅是赚钱。 不要和别人比生活,生活永远比不完。 每个人都有属于自己的一片森林 也许我们从来不曾去过, 但它一直在那里,总会在那里。 迷失的人迷失了, 相逢的人会再相逢。 ——村上春树 生为冰山, 就该淡淡地爱海流爱风 并且在偶然接触的时候 全心全意地爱另一块冰山。 ——王小波 雨过天晴,终要好天气。 世间于我于万种欢喜, 沿途逐枝头怒放, 全部遗漏都不要紧 得你一枝配我胸襟就好 ——张嘉佳 在岁月,我们走过了许多春夏秋冬; 在人生,我们走过了许多冷暖炎凉 我总相信,在更深更广处 我们一定要维持着美好的心 欣赏的心 就像是春天想到百合 秋天想到芒花 永远保持着预约的希望。 ——林清玄 逝去的从容逝去, 重来的依旧重来 在沧桑的枝叶间, 择取一朵明媚,簪进岁月肌里, 许它疼痛又甜蜜。 ——汪曾祺 经典摘抄 文案 句子 温柔系治愈文字 打动人心的句子 令人惊艳的句子 好句分享 暖心句子分享 治愈的文字 分享好句",治愈系文案|一些很温暖不内耗的文字,"生命如此短暂我们没有时间 去争吵、道歉、伤心、斤斤计较 我们只有时间去爱, 一切稍纵即逝 ——马克·吐温 如果你赶不上凌晨五点的日出 不妨看看傍晚六点的夕阳 我的意思是任何时间都不晚 人生没有幸福不幸福 只有知足和不知足。 无病无灾就是福泽,温饱无忧就是幸事。 至于其他, 有则锦上添花,无则依旧风华 赚钱的目的是为了更好的生活 而生活的目的不仅仅是赚钱。 不要和别人比生活,生活永远比不完。 每个人都有属于自己的一片森林 也许我们从来不曾去过, 但它一直在那里,总会在那里。 迷失的人迷失了, 相逢的人会再相逢。 ——村上春树 生为冰山, 就该淡淡地爱海流爱风 并且在偶然接触的时候 全心全意地爱另一块冰山。 ——王小波 雨过天晴,终要好天气。 世间于我于万种欢喜, 沿途逐枝头怒放, 全部遗漏都不要紧 得你一枝配我胸襟就好 ——张嘉佳 在岁月,我们走过了许多春夏秋冬; 在人生,我们走过了许多冷暖炎凉 我总相信,在更深更广处 我们一定要维持着美好的心 欣赏的心 就像是春天想到百合 秋天想到芒花 永远保持着预约的希望。 ——林清玄 逝去的从容逝去, 重来的依旧重来 在沧桑的枝叶间, 择取一朵明媚,簪进岁月肌里, 许它疼痛又甜蜜。 ——汪曾祺 经典摘抄 文案 句子 温柔系治愈文字 打动人心的句子 令人惊艳的句子 好句分享 暖心句子分享 治愈的文字 分享好句",599,治愈文案,1,情感故事,治愈文案,28,3054,raw_real_texts.csv,6.0,2.0,2.0,6.0,8.0,4.0,6.0,2.0,4.0,4.86,综合评价：该文本以治愈系格言和哲理短句为主，情感温暖、语气积极，能传递一定的慰藉与希望。然而，由于缺乏具体场景、人物和情节，文本的生动性和代入感较弱，难以引发深层次的共情。认知思考虽丰富，但多为引用，个人化表达不足。整体上，文本适合作为心灵鸡汤式的鼓励，但在共情力上仍有提升空间。,deepseek-chat
88798bca8ce5902a,那些干净治愈的薄荷曼波文学 文字是种救赎 夏天文案 文人笔下的浪漫 文字的魅力 文艺句子 句子控 属于夏天的诗 文字的温度 美好分享我会被文字打动 治愈系散文 惊艳到你的句子 绿意疗愈 薄荷曼波 薄荷曼波风 自然系文案 重逢与希望 夏天文案,那些干净治愈的薄荷曼波文学 文字是种救赎,夏天文案 文人笔下的浪漫 文字的魅力 文艺句子 句子控 属于夏天的诗 文字的温度 美好分享我会被文字打动 治愈系散文 惊艳到你的句子 绿意疗愈 薄荷曼波 薄荷曼波风 自然系文案 重逢与希望 夏天文案,120,治愈文案,1,情感故事,治愈文案,54,2966,raw_real_texts3.csv,2.0,2.0,2.0,2.0,6.0,2.0,2.0,2.0,2.0,2.2,该文本本质上是社交媒体标签集合，缺乏叙事性、情感细节和角色要素，无法唤起读者共情。所有维度得分均处于最低区间，表明文本在情感表达、场景构建、认知深度和情节发展上均严重不足。建议补充具体故事、人物经历和情感描写，以提升共情力。,deepseek-chat
d1a0f2e927896833,分享|汪曾祺笔下浪漫且治愈的金句 书摘[话题] 读书[话题] 美句摘抄[话题] 文学的浪漫[话题] 金句[话题] 打动人心的句子[话题] 分享好句[话题] 人间烟火文案[话题],分享|汪曾祺笔下浪漫且治愈的金句,书摘[话题] 读书[话题] 美句摘抄[话题] 文学的浪漫[话题] 金句[话题] 打动人心的句子[话题] 分享好句[话题] 人间烟火文案[话题],88,治愈文案,1,情感故事,治愈文案,16,2533,raw_real_texts2.csv,2.0,2.0,2.0,2.0,6.0,2.0,2.0,2.0,2.0,2.2,该文本仅由话题标签组成，缺乏具体内容、情感表达和叙事元素，无法有效唤起读者共情。所有维度得分均处于最低区间，表明文本在情感生动性、环境描写、角色脆弱性、认知深度等方面均存在严重不足。建议补充具体的金句内容、个人化叙述或场景描写，以提升文本的共情力。,deepseek-chat
a6100c5e1f9919b9,生命感 淡淡 文案 生命与自然[话题] 文案[话题] 温柔系治愈文案[话题] infj的世界[话题] 治愈文案[话题] 忧郁感[话题] 生命力[话题] 分享文案[话题] 文案分享[话题],生命感 淡淡 文案,生命与自然[话题] 文案[话题] 温柔系治愈文案[话题] infj的世界[话题] 治愈文案[话题] 忧郁感[话题] 生命力[话题] 分享文案[话题] 文案分享[话题],93,治愈文案,1,情感故事,治愈文案,7,2469,raw_real_texts2.csv,2.0,2.0,2.0,2.0,6.0,2.0,2.0,2.0,2.0,2.2,该文本由一系列标签组成，缺乏具体叙事内容，无法唤起读者共情。所有维度得分均处于最低水平，仅语气因标签中“温柔”“治愈”与“忧郁”的并存而略显中性。整体上，文本未提供任何情感、场景或角色信息，共情力极低。建议补充具体故事或情感描写，以提升文本的共情效果。,deepseek-chat
f48a6f7308276eeb,以完成我来完成夏天 大雨开在礼拜天 鲜花开在礼拜二 街上的人们 是乐观主义者 把路边的水洼 变成夕阳的胜地 列车逃出光线 蚂蚁搬家一样的夜晚 正在来临 诗歌 生活在诗中流淌 原创文字 我懂诗歌的浪漫 文字 人生流淌在诗歌里 夏天文案,以完成我来完成夏天,大雨开在礼拜天 鲜花开在礼拜二 街上的人们 是乐观主义者 把路边的水洼 变成夕阳的胜地 列车逃出光线 蚂蚁搬家一样的夜晚 正在来临 诗歌 生活在诗中流淌 原创文字 我懂诗歌的浪漫 文字 人生流淌在诗歌里 夏天文案,116,治愈文案,1,情感故事,治愈文案,53,2465,raw_real_texts3.csv,6.0,6.0,2.0,6.0,8.0,4.0,4.0,2.0,4.0,5.4,该文本以夏日意象和诗意语言营造出浪漫乐观的氛围，在环境生动性和语气情绪上表现较好，能够唤起读者对美好场景的想象。然而，文本缺乏具体人物和叙事性，导致角色脆弱性、情节体量和角色发展维度得分较低，共情力主要依赖于意境而非故事或人物。整体上，文本适合作为抒情短诗，但在引发深层情感共鸣方面略显不足。,deepseek-chat
d207ada6bca9c84f,"低谷期救赎文案 | 支撑你走过暗淡时刻 . 当身体扛不住的时候 意志会带你杀出重围 . 你已经跌到谷底了 接下来的每一步都是上坡路 . 如果没有天赋 那就一直重复 . 摸摸心跳 那就是最好的证明 所有未能摧毁你的 正在秘密锻造你 . 疼吗?疼就对了 这说明你还在感觉、还在活着 还在通往救赎的路上 . 风雨扑打你的窗 不是要摧毁你 是为了洗净玻璃 让你看清自己多像钻石 . 救赎不是突然的拯救 而是每天把自己 从深渊里拉出五厘米 重复三千次 . 隧道尽头一定有光 即使你此刻看不见出口 再走十步,再走十步 光就在那里等你 . 你摔落的坑洼里 后来都成了救人的台阶 今日的伤疤 是明日为他人的撑伞 . 不要一直责怪 过去的自己 他曾经站在雾里 也很迷茫 . 低谷不是终点 而是你重新校准 自己的坐标 大地最黑暗时 星星最清晰可见 低谷期心态调整 治愈低谷时期的你 自我成长 低谷期 救赎 一句话陪我过难关 支撑你走了很久的一句话 分享 人生道理 一句话的力量 女性成长 励志文案 短句文案 暖心句子分享 分享好句 生活美学 女性智慧 此心安处 短句",低谷期救赎文案 | 支撑你走过暗淡时刻,". 当身体扛不住的时候 意志会带你杀出重围 . 你已经跌到谷底了 接下来的每一步都是上坡路 . 如果没有天赋 那就一直重复 . 摸摸心跳 那就是最好的证明 所有未能摧毁你的 正在秘密锻造你 . 疼吗?疼就对了 这说明你还在感觉、还在活着 还在通往救赎的路上 . 风雨扑打你的窗 不是要摧毁你 是为了洗净玻璃 让你看清自己多像钻石 . 救赎不是突然的拯救 而是每天把自己 从深渊里拉出五厘米 重复三千次 . 隧道尽头一定有光 即使你此刻看不见出口 再走十步,再走十步 光就在那里等你 . 你摔落的坑洼里 后来都成了救人的台阶 今日的伤疤 是明日为他人的撑伞 . 不要一直责怪 过去的自己 他曾经站在雾里 也很迷茫 . 低谷不是终点 而是你重新校准 自己的坐标 大地最黑暗时 星星最清晰可见 低谷期心态调整 治愈低谷时期的你 自我成长 低谷期 救赎 一句话陪我过难关 支撑你走了很久的一句话 分享 人生道理 一句话的力量 女性成长 励志文案 短句文案 暖心句子分享 分享好句 生活美学 女性智慧 此心安处 短句",473,治愈文案,1,情感故事,治愈文案,36,2329,raw_real_texts.csv,6.0,2.0,6.0,6.0,8.0,4.0,6.0,4.0,6.0,5.36,该文本以励志格言形式呈现，情感基调积极，能传递希望和力量，在语气和认知层面有一定共情力。然而，由于缺乏具体情境、个人化细节和连贯叙事，情感和环境生动性不足，角色脆弱性和发展程度也较低。整体上，文本更偏向于激励性语录，而非深度叙事，因此共情唤起主要依赖于普遍化的情感共鸣，而非具体故事的代入感。,deepseek-chat
dab9dc5626e73268,"当跳动的生命向自然缓缓靠近时 我喜欢阳光洒在身上那种被温暖包裹的感觉。 与此关联的场景通常都很明媚,太阳光会把自己的温度慢慢传达给我,路径是从各处感官遨游过后抵达心,然后心把这种温暖反射给心情,于是整个人就变得明亮了。 被人理解或拥抱也会产生这种感觉。 彼此颅内共振的时候,会被庞大的能量场稳稳地托举起来,这种幸福的程度不亚于一觉醒来长出翅膀,然后飞向窗外被太阳晒透,自由欢乐的心绪咕噜咕噜冒着泡,这份快乐被阳光照射后会是彩色的。 还有大海一起一伏的波浪被照耀时的景象,也能抚平生命黯淡的褶皱,浸透又风干生命原本携带的各种杂质,交还给我们一个透亮平和的自己。 如果天色渐晚,就会有月光渗透我的眼睛。 漆黑的夜空中有一轮时而皎洁的月亮是很能让人安静下来的,望着它就像产生了某种羁绊,就算不说话也感觉它能体会到我们的感情,丝丝缕缕都能产生微小的共鸣。 这些陪伴都是属于大自然的元素带来的,而生命向它们缓缓靠近时,竟然会产生那么多生动又鲜活的画面,可能时光就是这些美好场景的记事簿。 人们的记事簿里,真的很需要这种回忆性的画面。 之前写过“生命是交织的片刻”。 今天想写:幸福是一个个让人感到温暖或平静的瞬间。 原创文字 随笔 禁止抄袭 INFJ TwilightZone closetoTwilightZone",当跳动的生命向自然缓缓靠近时,"我喜欢阳光洒在身上那种被温暖包裹的感觉。 与此关联的场景通常都很明媚,太阳光会把自己的温度慢慢传达给我,路径是从各处感官遨游过后抵达心,然后心把这种温暖反射给心情,于是整个人就变得明亮了。 被人理解或拥抱也会产生这种感觉。 彼此颅内共振的时候,会被庞大的能量场稳稳地托举起来,这种幸福的程度不亚于一觉醒来长出翅膀,然后飞向窗外被太阳晒透,自由欢乐的心绪咕噜咕噜冒着泡,这份快乐被阳光照射后会是彩色的。 还有大海一起一伏的波浪被照耀时的景象,也能抚平生命黯淡的褶皱,浸透又风干生命原本携带的各种杂质,交还给我们一个透亮平和的自己。 如果天色渐晚,就会有月光渗透我的眼睛。 漆黑的夜空中有一轮时而皎洁的月亮是很能让人安静下来的,望着它就像产生了某种羁绊,就算不说话也感觉它能体会到我们的感情,丝丝缕缕都能产生微小的共鸣。 这些陪伴都是属于大自然的元素带来的,而生命向它们缓缓靠近时,竟然会产生那么多生动又鲜活的画面,可能时光就是这些美好场景的记事簿。 人们的记事簿里,真的很需要这种回忆性的画面。 之前写过“生命是交织的片刻”。 今天想写:幸福是一个个让人感到温暖或平静的瞬间。 原创文字 随笔 禁止抄袭 INFJ TwilightZone closetoTwilightZone",553,治愈文案,1,情感故事,治愈文案,42,2294,raw_real_texts3.csv,10.0,6.0,6.0,6.0,8.0,4.0,4.0,4.0,4.0,7.86,综合评价：该文本以诗意的语言描绘了自然元素带来的温暖与平静，情感生动性突出，能有效唤起读者的感官共鸣。然而，文本缺乏具体情节和人物深度，角色脆弱性展现不足，导致共情更多停留在氛围层面而非故事层面。认知表述虽有一定哲思，但整体体量较小，情绪转变平缓，限制了共情力的深度和持久性。若能补充具体经历或矛盾冲突，将更有利于读者产生强烈的情感代入。,deepseek-chat
409669d410e275a5,"世事多艰,我们应该拥有散漫的一天 太长时间,我们总是聚焦在各时各处,无法满足,想要一天什么都不管不顾,我们变成风声,树叶,无法被捕捉和定住,我们散漫,轻浮,疯癫,叽里咕噜,哪怕世事多艰,我们要有自己的一天,把它抱在怀里啊,像书页紧贴着封面,不要管他们了,反正还有明天","世事多艰,我们应该拥有散漫的一天","太长时间,我们总是聚焦在各时各处,无法满足,想要一天什么都不管不顾,我们变成风声,树叶,无法被捕捉和定住,我们散漫,轻浮,疯癫,叽里咕噜,哪怕世事多艰,我们要有自己的一天,把它抱在怀里啊,像书页紧贴着封面,不要管他们了,反正还有明天",133,治愈文案,1,情感故事,治愈文案,58,2263,raw_real_texts3.csv,6.0,2.0,2.0,6.0,6.0,2.0,2.0,2.0,4.0,4.56,该文本以诗意的语言表达了对自由散漫的渴望，情感真挚但缺乏具体细节和情节支撑，导致共情力有限。环境描写和角色脆弱性不足，难以让读者深入代入。认知反思虽有一定深度，但表述笼统。整体语气中性，情绪转变平缓，故事性和发展性较弱。建议增加具体场景和个人化经历，以增强情感共鸣。,deepseek-chat
9e795db59f10554b,你的蹉跎曾经保护了你 文字的力量[话题] 感情[话题] 治愈[话题] 小小的勇气[话题] 请相信自己[话题] 脆弱也是可以的[话题] 文案分享[话题],你的蹉跎曾经保护了你,文字的力量[话题] 感情[话题] 治愈[话题] 小小的勇气[话题] 请相信自己[话题] 脆弱也是可以的[话题] 文案分享[话题],75,治愈文案,1,情感故事,治愈文案,10,2070,raw_real_texts2.csv,2.0,2.0,2.0,2.0,8.0,2.0,4.0,2.0,2.0,2.36,综合评价：该文本以标签和口号形式传递了积极治愈的意图，但缺乏具体叙事和情感细节，导致共情唤起能力较弱。优势在于语气乐观，能传递正向能量；不足在于情感、环境、角色等维度均未展开，难以让读者产生深度共鸣。整体更像一句励志标语，而非完整的共情叙事。,deepseek-chat
2f52b2217dc7c10c,‧+ ̊柔软细腻の全肯定文案 ៷>ᴗ<៷谢谢饱饱们的点赞收藏 爱你们 1.眼泪和坚持一样伟大 2.可以脆弱 可以是不完美的 3.你在的话 下雨也是一种好天气 4.如果有人否定你 那我加倍肯定你 5.你的心是一团棉花 你落泪它就会变得湿重窒息 你要多笑一笑 像晴天把它晒蓬松 6.我看见你 我相信你 我理解你 我支持你 我爱你 7.你就是一个很好很好的人啊 遇见你我真的很幸福 8.你是全世界最棒的小孩 我希望你如明媚的骄阳 散发着自信与光芒 不要像阴天里没晒好的小被子 潮湿而沉闷 9.允许自己熬夜 允许自己把衣服在椅子上堆成小山 允许自己连续听一首歌五十遍 允许自己原谅一个人之后又倒戈 允许一直想念 允许没有交集 允许一切发生 10.你偏爱自由那就祝你远走高飞 你想要风光无限那就祝你得偿所愿 倘若你想两全其美 我也觉得没有问题 你本就该如此圆满 11.生命没有那么多意义 祝你生动 祝你有1万次闪耀和哭泣 祝你是你 12.不和任何人比较 永远站在自己这边 下定决心做一个幸福主义者 文案素材分享[话题] 今日份文案分享[话题] 温柔系治愈文案[话题] 温柔小众文案[话题] 小众高级文案[话题],‧+ ̊柔软细腻の全肯定文案,៷>ᴗ<៷谢谢饱饱们的点赞收藏 爱你们 1.眼泪和坚持一样伟大 2.可以脆弱 可以是不完美的 3.你在的话 下雨也是一种好天气 4.如果有人否定你 那我加倍肯定你 5.你的心是一团棉花 你落泪它就会变得湿重窒息 你要多笑一笑 像晴天把它晒蓬松 6.我看见你 我相信你 我理解你 我支持你 我爱你 7.你就是一个很好很好的人啊 遇见你我真的很幸福 8.你是全世界最棒的小孩 我希望你如明媚的骄阳 散发着自信与光芒 不要像阴天里没晒好的小被子 潮湿而沉闷 9.允许自己熬夜 允许自己把衣服在椅子上堆成小山 允许自己连续听一首歌五十遍 允许自己原谅一个人之后又倒戈 允许一直想念 允许没有交集 允许一切发生 10.你偏爱自由那就祝你远走高飞 你想要风光无限那就祝你得偿所愿 倘若你想两全其美 我也觉得没有问题 你本就该如此圆满 11.生命没有那么多意义 祝你生动 祝你有1万次闪耀和哭泣 祝你是你 12.不和任何人比较 永远站在自己这边 下定决心做一个幸福主义者 文案素材分享[话题] 今日份文案分享[话题] 温柔系治愈文案[话题] 温柔小众文案[话题] 小众高级文案[话题],500,治愈文案,1,情感故事,治愈文案,12,1888,raw_real_texts2.csv,6.0,2.0,6.0,6.0,8.0,4.0,4.0,2.0,4.0,5.2,综合评价：该文本以温柔治愈的风格为主，通过大量肯定和鼓励性语句直接向读者传递共情，情感基调积极，能有效给予读者情感支持。然而，文本缺乏具体情境、角色和情节，导致情感表达较为抽象，环境生动性和角色发展维度得分较低。认知表述虽有一定深度，但多为格言式总结，缺乏个人化反思。整体上，文本在情感关怀和语气上表现出色，但在叙事性和个人化细节上有所欠缺，共情力主要依赖于直接的情感呼吁而非故事性共鸣。,deepseek-chat
d77dc6fbfed9b737,"文学×三毛|雨季过了,雨季将不再来 总有一日, 我要在一个充满阳光的早晨醒来, 那时我要躺在床上, 静静地听听窗外如洗的鸟声, 那是多么安适而又快乐的一种苏醒。 到时候,我早晨起来,对着镜子, 我会再度看见阳光驻留在我的脸上, 我会一遍遍地告诉自己, 雨季过了,雨季将不再来。 我会觉得,在那一日早晨, 当我出门的时候, 我会穿着那全双清洁干燥的黄球鞋, 踏上一条充满日光的大道, 那时候,我会说,看这阳光,雨季将不再来。 /三毛《雨季不再来》 - 予里山人 文学 三毛 雨季不再来 散文诗世界 摘抄 读书笔记 我会被文字打动","文学×三毛|雨季过了,雨季将不再来","总有一日, 我要在一个充满阳光的早晨醒来, 那时我要躺在床上, 静静地听听窗外如洗的鸟声, 那是多么安适而又快乐的一种苏醒。 到时候,我早晨起来,对着镜子, 我会再度看见阳光驻留在我的脸上, 我会一遍遍地告诉自己, 雨季过了,雨季将不再来。 我会觉得,在那一日早晨, 当我出门的时候, 我会穿着那全双清洁干燥的黄球鞋, 踏上一条充满日光的大道, 那时候,我会说,看这阳光,雨季将不再来。 /三毛《雨季不再来》 - 予里山人 文学 三毛 雨季不再来 散文诗世界 摘抄 读书笔记 我会被文字打动",263,治愈文案,1,情感故事,治愈文案,43,1745,raw_real_texts3.csv,6.0,6.0,6.0,6.0,8.0,4.0,8.0,6.0,8.0,6.12,综合评价：该文本以诗意语言描绘了从雨季到阳光的心理转变，情感和环境生动性中等，但通过隐喻和重复句式有效传达了希望与释然。角色脆弱性表现含蓄，认知思考适中，整体语气乐观，矛盾解决彻底，情绪转变明显。不足之处在于情节体量较小，角色发展深度有限，但文本在唤起读者对新生和光明的共情方面具有感染力。,deepseek-chat
d59dc91580248b28,"文字治愈|我永远不要失去发芽的心情 无论如何我始终坚信“生活是一颗种子” 哪怕走在满是碎石的路上,鞋底磨出薄茧 也能在缝隙里看见一点土,悄悄攒着劲儿 哪怕遭遇突如其来的霜雪,把枝叶冻得发僵,也会在根须里留着暖意,等阳光漫过枝头时,再慢慢舒展新绿... 这份心情,不是总盼着立刻开花结果,而是愿意等 等一场雨润透心田,等一阵风送来方向,哪怕只是冒出小小的芽尖,也满心欢喜。日子难免有灰暗,可只要还带着发芽的期待,就不会被困境困住,总能在平凡里,种出属于自己的生机! 如果这些都太难了那就吃好睡好好好... 永远不要失去发芽的心情 原来文字真的可以共情 很治愈我的话 文字即心情 文字治愈我 永远相信文字的力量 文字的力量 治愈自己 治愈的文字 不开心也没关系",文字治愈|我永远不要失去发芽的心情,"无论如何我始终坚信“生活是一颗种子” 哪怕走在满是碎石的路上,鞋底磨出薄茧 也能在缝隙里看见一点土,悄悄攒着劲儿 哪怕遭遇突如其来的霜雪,把枝叶冻得发僵,也会在根须里留着暖意,等阳光漫过枝头时,再慢慢舒展新绿... 这份心情,不是总盼着立刻开花结果,而是愿意等 等一场雨润透心田,等一阵风送来方向,哪怕只是冒出小小的芽尖,也满心欢喜。日子难免有灰暗,可只要还带着发芽的期待,就不会被困境困住,总能在平凡里,种出属于自己的生机! 如果这些都太难了那就吃好睡好好好... 永远不要失去发芽的心情 原来文字真的可以共情 很治愈我的话 文字即心情 文字治愈我 永远相信文字的力量 文字的力量 治愈自己 治愈的文字 不开心也没关系",328,治愈文案,1,情感故事,治愈文案,50,1574,raw_real_texts3.csv,6.0,6.0,6.0,6.0,8.0,4.0,6.0,4.0,6.0,5.96,该文本以象征性语言传递了希望与坚韧的主题，情感基调积极，能引发读者共鸣，但在情感生动性、情节体量和角色发展方面较为薄弱。文本更侧重于理念的宣扬而非具体故事的叙述，导致共情力更多依赖于读者的自我投射。若能增加个人化细节和具体情节，将更有效地唤起深层共情。,deepseek-chat
1e0781bb786c363f,"每日文摘|那些被夏天吻过的句子 ️ 夏季与我们的生命曾是同一种质地。 ——勒内·夏尔《愤怒与神秘》 未来像盛夏的大雨,在我们还不及撑开伞时就扑面而来。 ——刘慈欣《三体》 我是否可以把你比喻成夏天?虽然你比夏天更可爱更温和。 ——威廉·莎士比亚《十四行诗》 在六月初,草木的世界骤然迸发,每一个日落都独一无二。 ——约翰·斯坦贝克《我们不满的冬天》 短暂夏夜烧化了,绿谷中升起湿气,千百树木的汁液在沸腾。 ——赫尔曼·黑塞《克林索尔的最后夏天》 不但春妍夏亦佳,随缘花草是生涯。 ——杨万里《夏日绝句》 我只需咬开一颗草莓的紧实,就能看见夏天——它的尘埃与低垂的天空。 ——托妮·莫里森《最蓝的眼睛》 生活在诗中流淌 每日文摘 小红书年度诗篇 句子控 属于夏天的诗 浪漫生活的记录者 每日书摘 素材 惊艳到你的句子 分享好句",每日文摘|那些被夏天吻过的句子 ️,"夏季与我们的生命曾是同一种质地。 ——勒内·夏尔《愤怒与神秘》 未来像盛夏的大雨,在我们还不及撑开伞时就扑面而来。 ——刘慈欣《三体》 我是否可以把你比喻成夏天?虽然你比夏天更可爱更温和。 ——威廉·莎士比亚《十四行诗》 在六月初,草木的世界骤然迸发,每一个日落都独一无二。 ——约翰·斯坦贝克《我们不满的冬天》 短暂夏夜烧化了,绿谷中升起湿气,千百树木的汁液在沸腾。 ——赫尔曼·黑塞《克林索尔的最后夏天》 不但春妍夏亦佳,随缘花草是生涯。 ——杨万里《夏日绝句》 我只需咬开一颗草莓的紧实,就能看见夏天——它的尘埃与低垂的天空。 ——托妮·莫里森《最蓝的眼睛》 生活在诗中流淌 每日文摘 小红书年度诗篇 句子控 属于夏天的诗 浪漫生活的记录者 每日书摘 素材 惊艳到你的句子 分享好句",362,治愈文案,1,情感故事,治愈文案,38,1442,raw_real_texts.csv,6.0,6.0,2.0,6.0,8.0,4.0,2.0,2.0,4.0,5.34,该文本作为文学摘录合集，在情感和环境生动性上表现中等，通过优美的比喻和意象营造出诗意氛围，但缺乏具体人物和情节，导致角色脆弱性、故事发展和矛盾解决等维度得分极低。整体语气乐观温暖，但认知深度有限，情绪转变平缓。文本更适合作为美学欣赏，而非共情叙事，在唤起读者深层情感共鸣方面存在明显不足。,deepseek-chat
01e5eddb8fb71f71,一些幸福的meme 我喜欢淡淡的生活 淡淡的情绪 淡淡的心情和简略的语言 就像雨滴落在地面没有任何痕迹 我喜欢这样平静的生活 淡淡的就会减少很多的痛苦 淡淡的就顺顺的 韩语meme 幸福 幸运 分享图片 淡淡的幸福,一些幸福的meme,我喜欢淡淡的生活 淡淡的情绪 淡淡的心情和简略的语言 就像雨滴落在地面没有任何痕迹 我喜欢这样平静的生活 淡淡的就会减少很多的痛苦 淡淡的就顺顺的 韩语meme 幸福 幸运 分享图片 淡淡的幸福,107,治愈文案,1,情感故事,治愈文案,38,1387,raw_real_texts.csv,2.0,2.0,2.0,2.0,6.0,2.0,2.0,2.0,2.0,2.2,综合评价：该文本情感表达极为平淡，缺乏生动性和具体细节，难以唤起读者强烈共情。文本内容泛化，缺少个人化经历和脆弱性展现，认知深度不足。虽然语气平静中性，但整体叙事体量过小，无矛盾冲突和角色发展，情绪转变微弱。优势在于传递了一种平和的生活态度，但共情力整体较弱，需增加具体情境和情感细节以提升感染力。,deepseek-chat
af6a303242c507c9,"“天呐,好喜欢这段话” 要永远年轻,永远热情,永远不会听话,要大笑,要做梦,要与众不同,人生是一场伟大的冒险。 一个人可以想去哪里就去哪里,喜欢什么就吃什么,你的身心将重获自由, 你的时间和空间也都可以由你尽情支配, 你的幸福感会喷涌而出。 爱情是你自己的品质,是你自己的心魂,是你自己的处境,与别人无关。爱情不是一个名词,而是动词,永远的动词,无穷动。 我爱这悠长的旅途,可以从容地想你。 分享好句 文字也有力量 好句分享 永远会被这段文字打动 文字语录 永远被文字打动的 句子分享 被文字治愈 好句 文字","“天呐,好喜欢这段话”","要永远年轻,永远热情,永远不会听话,要大笑,要做梦,要与众不同,人生是一场伟大的冒险。 一个人可以想去哪里就去哪里,喜欢什么就吃什么,你的身心将重获自由, 你的时间和空间也都可以由你尽情支配, 你的幸福感会喷涌而出。 爱情是你自己的品质,是你自己的心魂,是你自己的处境,与别人无关。爱情不是一个名词,而是动词,永远的动词,无穷动。 我爱这悠长的旅途,可以从容地想你。 分享好句 文字也有力量 好句分享 永远会被这段文字打动 文字语录 永远被文字打动的 句子分享 被文字治愈 好句 文字",254,治愈文案,1,情感故事,治愈文案,34,1327,raw_real_texts.csv,6.0,2.0,2.0,6.0,8.0,4.0,2.0,2.0,4.0,4.74,该文本以热情洋溢的宣言式语言传递了对自由、爱情和人生的积极态度，情感基调乐观，认知层面有一定深度。然而，文本缺乏具体情境和人物细节，环境描写和角色脆弱性不足，导致共情力主要依赖于读者对普适性主题的共鸣，而非个体化叙事的感染力。整体上，文本在唤起读者情感共鸣方面有一定优势，但叙事性和代入感较弱。,deepseek-chat
140670a88193455e,‧+ ̊柔软细腻の全肯定文案 ៷>ᴗ<៷谢谢饱饱们的点赞收藏 爱你们 1.眼泪和坚持一样伟大 2.可以脆弱 可以是不完美的 3.你在的话 下雨也是一种好天气 4.如果有人否定你 那我加倍肯定你 5.你的心是一团棉花 你落泪它就会变得湿重窒息 你要多笑一笑 像晴天把它晒蓬松 6.我看见你 我相信你 我理解你 我支持你 我爱你 7.你就是一个很好很好的人啊 遇见你我真的很幸福 8.你是全世界最棒的小孩 我希望你如明媚的骄阳 散发着自信与光芒 不要像阴天里没晒好的小被子 潮湿而沉闷 9.允许自己熬夜 允许自己把衣服在椅子上堆成小山 允许自己连续听一首歌五十遍 允许自己原谅一个人之后又倒戈 允许一直想念 允许没有交集 允许一切发生 10.你偏爱自由那就祝你远走高飞 你想要风光无限那就祝你得偿所愿 倘若你想两全其美 我也觉得没有问题 你本就该如此圆满 11.生命没有那么多意义 祝你生动 祝你有1万次闪耀和哭泣 祝你是你 12.不和任何人比较 永远站在自己这边 下定决心做一个幸福主义者 文案素材分享 今日份文案分享 温柔系治愈文案 温柔小众文案 小众高级文案,‧+ ̊柔软细腻の全肯定文案,៷>ᴗ<៷谢谢饱饱们的点赞收藏 爱你们 1.眼泪和坚持一样伟大 2.可以脆弱 可以是不完美的 3.你在的话 下雨也是一种好天气 4.如果有人否定你 那我加倍肯定你 5.你的心是一团棉花 你落泪它就会变得湿重窒息 你要多笑一笑 像晴天把它晒蓬松 6.我看见你 我相信你 我理解你 我支持你 我爱你 7.你就是一个很好很好的人啊 遇见你我真的很幸福 8.你是全世界最棒的小孩 我希望你如明媚的骄阳 散发着自信与光芒 不要像阴天里没晒好的小被子 潮湿而沉闷 9.允许自己熬夜 允许自己把衣服在椅子上堆成小山 允许自己连续听一首歌五十遍 允许自己原谅一个人之后又倒戈 允许一直想念 允许没有交集 允许一切发生 10.你偏爱自由那就祝你远走高飞 你想要风光无限那就祝你得偿所愿 倘若你想两全其美 我也觉得没有问题 你本就该如此圆满 11.生命没有那么多意义 祝你生动 祝你有1万次闪耀和哭泣 祝你是你 12.不和任何人比较 永远站在自己这边 下定决心做一个幸福主义者 文案素材分享 今日份文案分享 温柔系治愈文案 温柔小众文案 小众高级文案,480,治愈文案,1,情感故事,治愈文案,36,1128,raw_real_texts.csv,6.0,2.0,6.0,6.0,8.0,6.0,4.0,2.0,4.0,5.28,该文本以温柔治愈的语录形式，通过大量肯定与接纳性语言直接传递情感支持，在情感生动性和语气乐观度上表现较好，能有效唤起读者的温暖与共鸣。然而，文本缺乏具体场景、人物和情节支撑，导致环境生动性、角色发展和矛盾解决等维度得分较低，共情更多依赖抽象共情而非叙事沉浸。整体上，文本适合作为情感抚慰素材，但在叙事深度和个体化体验上有所欠缺，限制了共情力的全面发挥。,deepseek-chat
c22e3c25cc7ae72c,"加缪笔下清醒治愈的阳光哲学 加缪的哲思,如冬日的阳光,温暖治愈,又不失锋芒。 1. 对未来的真正慷慨,是把一切都献给现在。——《鼠疫》 2. 在寒冬,我学会了这个真理:当无力改变风向,就调整帆的角度。 ——《瑞典演讲》草稿 3. 爱不是寻找完美的人,而是学会用完整的眼光看有缺陷的人。 ——《堕落》 4.我并不期待人生可以过得很顺利,但我希望碰到人生难关的时候,自己可以是它的对手。——《加缪手记》 5.爱是没有界限的,如果我能拥抱一切,那拥抱得笨拙一点又有什么关系。——《置身于阳光与苦难之间》 6.真正的救赎,并不是厮杀后的胜利,而是能在苦难之中找到生的力量和心的安宁。——《加缪语录》 7.一个伟大的行动和思想,都有一个微不足道的开始。——《西西弗神话》 8.真正的坚韧不是不曾跌倒,而是在严寒中依然能唤醒内心的夏天。——《夏天集》 9.所谓清醒,就是亲手砸碎他人为你定制的生存剧本。——《局外人》 我是耕霖,很荣幸隔着屏幕认识远方的朋友。你被哪一句给治愈了呢?评论区来告诉我~ 读书摘抄 经典文学名著 美句摘抄 我被文字打动句子 自我成长 自我提升 自我认知 治愈 治愈自己 经典语录",加缪笔下清醒治愈的阳光哲学,"加缪的哲思,如冬日的阳光,温暖治愈,又不失锋芒。 1. 对未来的真正慷慨,是把一切都献给现在。——《鼠疫》 2. 在寒冬,我学会了这个真理:当无力改变风向,就调整帆的角度。 ——《瑞典演讲》草稿 3. 爱不是寻找完美的人,而是学会用完整的眼光看有缺陷的人。 ——《堕落》 4.我并不期待人生可以过得很顺利,但我希望碰到人生难关的时候,自己可以是它的对手。——《加缪手记》 5.爱是没有界限的,如果我能拥抱一切,那拥抱得笨拙一点又有什么关系。——《置身于阳光与苦难之间》 6.真正的救赎,并不是厮杀后的胜利,而是能在苦难之中找到生的力量和心的安宁。——《加缪语录》 7.一个伟大的行动和思想,都有一个微不足道的开始。——《西西弗神话》 8.真正的坚韧不是不曾跌倒,而是在严寒中依然能唤醒内心的夏天。——《夏天集》 9.所谓清醒,就是亲手砸碎他人为你定制的生存剧本。——《局外人》 我是耕霖,很荣幸隔着屏幕认识远方的朋友。你被哪一句给治愈了呢?评论区来告诉我~ 读书摘抄 经典文学名著 美句摘抄 我被文字打动句子 自我成长 自我提升 自我认知 治愈 治愈自己 经典语录",496,治愈文案,1,情感故事,治愈文案,35,1110,raw_real_texts.csv,6.0,2.0,2.0,10.0,8.0,4.0,4.0,2.0,4.0,5.12,综合评价：该文本以加缪的经典语录为核心，展现了极高的认知表述丰富度，哲理深刻且语气乐观治愈，能引发读者对人生意义的思考。然而，文本缺乏具体情境和人物描写，环境生动性、角色脆弱性及情节体量均较低，导致情感共鸣多停留在理性层面，而非感性体验。整体上，它更适合作为思想启迪而非情感叙事，共情唤起能力有限，但认知层面的感染力较强。,deepseek-chat
55b1b014e0c9eb8c,文字治愈|我要内心自洽且知足 “完美是幸福的敌人” 其实是做不到时时刻刻情绪稳定的 面对一些情况我总是会崩溃 我讨厌别人突如其来的忽冷忽热讨厌自己的直来直去 讨厌自己一直被圈在一个地方 我希望自己更自洽一点更多在意自己一点 要知道很多人都不比早上来的第一杯温水重要 美好分享我会被文字打动 原来文字真的可以共情 文字是有力量的 治愈的文字 文字的力量 文字治愈我 治愈文字 自洽而内求 自我肯定和欣赏 文字带来的力量,文字治愈|我要内心自洽且知足,“完美是幸福的敌人” 其实是做不到时时刻刻情绪稳定的 面对一些情况我总是会崩溃 我讨厌别人突如其来的忽冷忽热讨厌自己的直来直去 讨厌自己一直被圈在一个地方 我希望自己更自洽一点更多在意自己一点 要知道很多人都不比早上来的第一杯温水重要 美好分享我会被文字打动 原来文字真的可以共情 文字是有力量的 治愈的文字 文字的力量 文字治愈我 治愈文字 自洽而内求 自我肯定和欣赏 文字带来的力量,208,治愈文案,1,情感故事,治愈文案,49,801,raw_real_texts3.csv,6.0,2.0,6.0,6.0,4.0,4.0,4.0,4.0,4.0,5.06,该文本以内心独白形式表达了作者对自我状态的不满和对自洽的渴望，情感真实但缺乏具体细节，导致共情力有限。环境描写缺失，情节单薄，削弱了代入感。认知反思虽有一定深度，但表述笼统。语气从悲观向积极过渡，但转变不够明显。整体上，文本能引发读者对自我成长的共鸣，但在生动性和故事性上有所欠缺，共情唤起效果中等。,deepseek-chat
962088e019ca08a2,"韩国文学温馨疗愈的句子... 首尔青坡洞有一家叫Always的便利店,它always商品短缺、always人手不足,被街坊邻居吐槽是“蕞不便利的便利店” 可就是这样一家“不便”的小店,却成了无数失意者的落脚地: 失忆流浪汉独孤,从流落街头到成为夜班店员,笨拙却真诚,用一碗热饭团、一杯玉米须茶,悄悄接住每个崩溃的人; 毕业即失业、焦虑到神经衰弱的“首漂”,在便利店的烟火气里,慢慢找回前行的勇气; 生意濒临倒闭、却固执不肯做外卖的烤肉店老板,在几句唠叨的开导中,解开了心结; 叛逆又孤独的高中生,在这里找到了逃离压抑家庭的小小角落,重拾对生活的热爱... 作者金浩然的笔触很细腻,喜欢看《请回答1988》或者《深夜食堂》的小宝们,建议你们去看这本《不便的便利店》!! ps:每次看到美食描写的时候我特别希望自己旁边有一份炸鸡 ...书摘图片我放在下面! infp 书摘 金句 文学 韩国文学 治愈 情感共鸣 阅读马拉松 惊艳到你的句子 我会被文字打动",韩国文学温馨疗愈的句子...,"首尔青坡洞有一家叫Always的便利店,它always商品短缺、always人手不足,被街坊邻居吐槽是“蕞不便利的便利店” 可就是这样一家“不便”的小店,却成了无数失意者的落脚地: 失忆流浪汉独孤,从流落街头到成为夜班店员,笨拙却真诚,用一碗热饭团、一杯玉米须茶,悄悄接住每个崩溃的人; 毕业即失业、焦虑到神经衰弱的“首漂”,在便利店的烟火气里,慢慢找回前行的勇气; 生意濒临倒闭、却固执不肯做外卖的烤肉店老板,在几句唠叨的开导中,解开了心结; 叛逆又孤独的高中生,在这里找到了逃离压抑家庭的小小角落,重拾对生活的热爱... 作者金浩然的笔触很细腻,喜欢看《请回答1988》或者《深夜食堂》的小宝们,建议你们去看这本《不便的便利店》!! ps:每次看到美食描写的时候我特别希望自己旁边有一份炸鸡 ...书摘图片我放在下面! infp 书摘 金句 文学 韩国文学 治愈 情感共鸣 阅读马拉松 惊艳到你的句子 我会被文字打动",425,治愈文案,1,情感故事,治愈文案,32,692,raw_real_texts.csv,6.0,6.0,6.0,6.0,8.0,6.0,8.0,6.0,6.0,6.16,该文本以温暖治愈为核心，通过多个失意角色在便利店获得慰藉的故事，成功营造了共情氛围。优势在于情感基调积极、矛盾解决圆满，能引发读者对治愈故事的共鸣；不足在于情感和环境描写较为概括，角色脆弱性和认知转变的细节不足，削弱了代入感和深度。整体上是一篇能传递温暖但感染力有限的推荐文案。,deepseek-chat
225f9e3069c19d39,"很喜欢的一句话 适合星星 Let me think that there is one among those stars that guides me life through the dark unknown. 让我设想,在群星之中,有一颗星是指导着我的生命通过不可知的黑暗的 。 ——《飞鸟集》 恋与深空 沈星回 抬头看星星",很喜欢的一句话 适合星星,"Let me think that there is one among those stars that guides me life through the dark unknown. 让我设想,在群星之中,有一颗星是指导着我的生命通过不可知的黑暗的 。 ——《飞鸟集》 恋与深空 沈星回 抬头看星星",165,治愈文案,1,情感故事,治愈文案,61,691,raw_real_texts3.csv,6.0,6.0,6.0,6.0,6.0,4.0,4.0,4.0,4.0,5.76,综合评价：该文本以诗意的引用和简洁的个人感受，营造出宁静而略带迷茫的氛围，情感和环境生动性中等，能引发读者对星空和生命指引的共鸣。然而，文本篇幅短小，情节体量有限，角色脆弱性和认知深度不足，矛盾解决和角色发展程度较低，情绪转变平缓。整体共情力中等偏下，但优美的语言和普遍性主题仍能唤起一定的情感共鸣。,deepseek-chat
7246d31c97d43a7a,"好喜欢这一句话 - 晒透、吸饱这世界的丰盛。 Bask to the full and soak up the abundance of the world. - “晒透、吸饱这世界的丰盛。被感召着越走越远,直至我的小径没入黑暗。” 我想,固执的迈入这生命,然后,追着光,迎着风,热烈肆意的走一遭,活一次,最后滚烫着离开,就是我们来到这个世界的意义吧。 - 大大方方做自己 我会被文字打动 文字的力量 每日分享 中英双语 读书 文案 治愈 成长 Allin我自己",好喜欢这一句话,"- 晒透、吸饱这世界的丰盛。 Bask to the full and soak up the abundance of the world. - “晒透、吸饱这世界的丰盛。被感召着越走越远,直至我的小径没入黑暗。” 我想,固执的迈入这生命,然后,追着光,迎着风,热烈肆意的走一遭,活一次,最后滚烫着离开,就是我们来到这个世界的意义吧。 - 大大方方做自己 我会被文字打动 文字的力量 每日分享 中英双语 读书 文案 治愈 成长 Allin我自己",231,治愈文案,1,情感故事,治愈文案,40,627,raw_real_texts.csv,6.0,2.0,2.0,6.0,8.0,4.0,6.0,4.0,4.0,4.92,该文本以积极治愈的基调传递生命意义，情感表达较为生动，但缺乏具体环境和人物细节，削弱了共情深度。认知思考有一定体现，但情节和角色发展不足，整体共情力中等。若能增加个人经历或脆弱性描写，将更能引发读者共鸣。,deepseek-chat
c85b2e10f38a2125,那些文学中温柔治愈的松弛自洽 松弛感[话题] 治愈[话题] 温柔[话题] 散文[话题] 文学的浪漫[话题] 文学[话题] 文案[话题] 文字[话题] 文笔提升[话题] 作文素材[话题],那些文学中温柔治愈的松弛自洽,松弛感[话题] 治愈[话题] 温柔[话题] 散文[话题] 文学的浪漫[话题] 文学[话题] 文案[话题] 文字[话题] 文笔提升[话题] 作文素材[话题],92,治愈文案,1,情感故事,治愈文案,14,368,raw_real_texts2.csv,2.0,2.0,2.0,2.0,6.0,2.0,2.0,2.0,2.0,2.2,该文本仅由一系列话题标签组成，缺乏实质性的叙事内容、情感表达和人物塑造，因此无法有效唤起读者的共情。所有维度得分均处于最低水平，整体共情力极弱。文本仅能通过标签暗示主题方向，但未提供任何可供读者情感投入的具体素材。建议补充具体的故事、场景或情感描写以提升共情效果。,deepseek-chat
cf4eb8122b3c8879,"金句摘抄|治愈自己缓解焦虑的短诗 01 「我们活过的刹那,前后皆是暗夜。」 ——费尔南多·佩索阿《阿尔伯特·卡埃罗》 02 「天空没有翅膀的痕迹,但我已飞过。」 ——泰戈尔《飞鸟集》 03 「我允许自己像一块被晒暖的石头,什么也不证明。」 ——佩索阿《不安之书》 04 「你只需要坐在门阶上等待,世界会卷成猫的形状蹭过你脚边。」 ——玛丽·奥利弗《须知》 05 「我认出风暴而激动如大海,我舒展开又蜷缩回自己,我挣脱自身,独自置身于伟大的风暴中。」 ——里尔克《预感》 06 「当华美的叶片落尽,生命的脉络才历历可见。」 ——聂鲁达《二十首情诗和一首绝望的歌》 07 「月亮打树,无风也碎。」 ——木心《云雀叫了一整天》 08 「我的心是七层塔檐上悬挂的风铃,叮咛叮咛咛,此起彼落,敲叩着一个人的名字。」 ——余光中《风铃》 09 「你生而有翼,为何竟愿一生匍匐前行?」 ——鲁米 10 「蚂蚁在搬运沙粒,宇宙在搬运星辰,我坐在石阶上,觉得万物平等。」 ——谷川俊太郎《二十亿光年的孤独》 11 「夜晚拥抱了所有迷路的露水,清晨会还给天空。」 ——海灵格《沉思》 好句摘抄分享 惊艳到你的句子 诗词 治愈 焦虑 摘抄 分享 读书 文学 打动人心的句子",金句摘抄|治愈自己缓解焦虑的短诗,"01 「我们活过的刹那,前后皆是暗夜。」 ——费尔南多·佩索阿《阿尔伯特·卡埃罗》 02 「天空没有翅膀的痕迹,但我已飞过。」 ——泰戈尔《飞鸟集》 03 「我允许自己像一块被晒暖的石头,什么也不证明。」 ——佩索阿《不安之书》 04 「你只需要坐在门阶上等待,世界会卷成猫的形状蹭过你脚边。」 ——玛丽·奥利弗《须知》 05 「我认出风暴而激动如大海,我舒展开又蜷缩回自己,我挣脱自身,独自置身于伟大的风暴中。」 ——里尔克《预感》 06 「当华美的叶片落尽,生命的脉络才历历可见。」 ——聂鲁达《二十首情诗和一首绝望的歌》 07 「月亮打树,无风也碎。」 ——木心《云雀叫了一整天》 08 「我的心是七层塔檐上悬挂的风铃,叮咛叮咛咛,此起彼落,敲叩着一个人的名字。」 ——余光中《风铃》 09 「你生而有翼,为何竟愿一生匍匐前行?」 ——鲁米 10 「蚂蚁在搬运沙粒,宇宙在搬运星辰,我坐在石阶上,觉得万物平等。」 ——谷川俊太郎《二十亿光年的孤独》 11 「夜晚拥抱了所有迷路的露水,清晨会还给天空。」 ——海灵格《沉思》 好句摘抄分享 惊艳到你的句子 诗词 治愈 焦虑 摘抄 分享 读书 文学 打动人心的句子",525,治愈文案,1,情感故事,治愈文案,52,340,raw_real_texts3.csv,6.0,6.0,6.0,6.0,6.0,4.0,4.0,2.0,4.0,5.7,该文本以精选短诗形式呈现，通过丰富的意象和简洁语言传递了治愈与反思，在情感和环境生动性上表现中等，能唤起读者共鸣。但作为摘抄合集，缺乏连贯情节、角色发展和矛盾解决，导致叙事性弱，共情力主要依赖诗句本身的感染力。认知思考虽有一定深度，但个人化脆弱感不足，整体情绪转变平缓，限制了共情强度的提升。适合作为灵感片段，而非完整共情叙事。,deepseek-chat
0bf1122b7638e6e8,"作家笔下那些温柔治愈的文字 最近几日全国范围内都在大降温 大家要注意防寒保暖 分享一些温暖治愈的文字给大家 祝愿你我,心想事成 文学[话题] 我会被文字打动[话题] 惊艳到你的句子[话题] 作家笔下的浪漫[话题] 分享好句[话题] 句子控[话题] 温柔系治愈文字[话题] 打动人心的文字[话题] 文学的浪漫[话题] 文字的温度[话题]",作家笔下那些温柔治愈的文字,"最近几日全国范围内都在大降温 大家要注意防寒保暖 分享一些温暖治愈的文字给大家 祝愿你我,心想事成 文学[话题] 我会被文字打动[话题] 惊艳到你的句子[话题] 作家笔下的浪漫[话题] 分享好句[话题] 句子控[话题] 温柔系治愈文字[话题] 打动人心的文字[话题] 文学的浪漫[话题] 文字的温度[话题]",167,治愈文案,1,情感故事,治愈文案,11,269,raw_real_texts2.csv,2.0,2.0,2.0,2.0,8.0,2.0,2.0,2.0,2.0,2.3,综合来看，该文本是一段简短的社交分享，主要功能是传递祝福和推广话题，而非叙事或情感表达。在情感生动性、环境描写、角色塑造等核心共情维度上均表现薄弱，缺乏具体细节和故事性，难以唤起读者深层的情感共鸣。其优势在于语气积极乐观，能传递一定的善意，但整体共情力较低。,deepseek-chat
44d92bf884230754,"6月16日 伍尔夫《海浪》最治愈的生命独白 在疲惫的时候,偏爱读伍尔夫的《海浪》。 没有跌宕的剧情,只有散落的、温柔的瞬间,治愈所有紧绷的情绪。 这段奈维尔的独白,是全书最明亮的一笔,彻底打破了秋日的萧瑟与意识流的清冷。 “一片叶子落下,是出于欢喜。 远方的钟声悠悠响起,不为告别死亡, 只为热烈、鲜活的生命而鸣。” 寻常的河畔光景,灼热日光、斑驳树影、缓缓漂流的小船, 在细腻的感知里,变成了独属于生命的盛大浪漫。 我们总习惯赋予落叶凋零、钟声别离的悲凉寓意, 可伍尔夫借文字告诉我们:万物的起落,皆是生命自在的舒展。 真正的热爱生活,从不是奔赴遥远的永恒, 而是珍惜每一个「当下存在」的瞬间。 沉浸微风、光影、人间烟火, 接纳当下的美好,热烈拥抱鲜活的自己, 这就是生命最好的状态 伍尔夫 海浪 伍尔夫语录 意识流文学 文学摘抄 治愈文案 生命美学 伍尔夫日书 每日英语 英语原著阅读","6月16日 伍尔夫《海浪》最治愈的生命独白 在疲惫的时候,偏爱读伍尔夫的《海浪》。 没有跌宕的剧情,只有散落的、温柔的瞬间,治愈所有紧绷的情绪。 这段奈维尔的独白,是全书最明亮的一笔,彻底打破了秋日的萧瑟与意识流的清冷。 “一片叶子落下,是出于欢喜。 远方的钟声悠悠响起,不为告别死亡, 只为热烈、鲜活的生命而鸣。” 寻常的河畔光景,灼热日光、斑驳树影、缓缓漂流的小船, 在细腻的感知里,变成了独属于生命的盛大浪漫。 我们总习惯赋予落叶凋零、钟声别离的悲凉寓意, 可伍尔夫借文字告诉我们:万物的起落,皆是生命自在的舒展。 真正的热爱生活,从不是奔赴遥远的永恒, 而是珍惜每一个「当下存在」的瞬间。 沉浸微风、光影、人间烟火, 接纳当下的美好,热烈拥抱鲜活的自己, 这就是生命最好的状态 伍尔夫 海浪 伍尔夫语录 意识流文学 文学摘抄 治愈文案 生命美学 伍尔夫日书 每日英语 英语原著阅读","6月16日 伍尔夫《海浪》最治愈的生命独白 在疲惫的时候,偏爱读伍尔夫的《海浪》。 没有跌宕的剧情,只有散落的、温柔的瞬间,治愈所有紧绷的情绪。 这段奈维尔的独白,是全书最明亮的一笔,彻底打破了秋日的萧瑟与意识流的清冷。 “一片叶子落下,是出于欢喜。 远方的钟声悠悠响起,不为告别死亡, 只为热烈、鲜活的生命而鸣。” 寻常的河畔光景,灼热日光、斑驳树影、缓缓漂流的小船, 在细腻的感知里,变成了独属于生命的盛大浪漫。 我们总习惯赋予落叶凋零、钟声别离的悲凉寓意, 可伍尔夫借文字告诉我们:万物的起落,皆是生命自在的舒展。 真正的热爱生活,从不是奔赴遥远的永恒, 而是珍惜每一个「当下存在」的瞬间。 沉浸微风、光影、人间烟火, 接纳当下的美好,热烈拥抱鲜活的自己, 这就是生命最好的状态 伍尔夫 海浪 伍尔夫语录 意识流文学 文学摘抄 治愈文案 生命美学 伍尔夫日书 每日英语 英语原著阅读",394,治愈文案,1,情感故事,治愈文案,31,20,raw_real_texts.csv,6.0,6.0,2.0,6.0,8.0,4.0,4.0,4.0,4.0,5.46,该文本以治愈系散文风格为主，通过优美的自然意象和积极的生命哲思唤起读者的共鸣，在情感生动性和语气乐观度上表现较好。但文本缺乏具体角色和情节支撑，脆弱性、发展性和矛盾解决程度较低，整体叙事性较弱。建议增加个人化经历或细节描写，以增强共情深度。,deepseek-chat
67bbfc348103dfe3,"终于有人说出来了! 是真的 断亲后,我一个人出去旅行在路上遇到的背包客大多数是女性! 不仅是这样,还有女性的独自旅行 女孩子真的是很勇敢的! ! 而且我一个人去旅行也结交了好多真正的好朋友! 原来是这样[话题] 女子背包客[话题] 并且有自己的见解[话题]",终于有人说出来了!,"是真的 断亲后,我一个人出去旅行在路上遇到的背包客大多数是女性! 不仅是这样,还有女性的独自旅行 女孩子真的是很勇敢的! ! 而且我一个人去旅行也结交了好多真正的好朋友! 原来是这样[话题] 女子背包客[话题] 并且有自己的见解[话题]",128,一个人旅行,2,旅行游记,一个人旅行,29,24233,raw_real_texts2.csv,6.0,2.0,6.0,6.0,8.0,4.0,6.0,4.0,4.0,5.32,综合评价：文本以积极的口吻分享了女性独自旅行的经历和感悟，情感上具有感染力，但缺乏具体细节和深度描写，导致共情力有限。环境描写和情节丰富度不足，使读者难以沉浸其中。角色脆弱性和认知表述虽有一定体现，但不够深入。整体上，文本能引发共鸣，但叙事层次较浅，建议增加具体场景和情感细节以提升共情效果。,deepseek-chat
472061ce05e9cd02,Solo trip请各国路人帮忙拍照大结算 独自出游找路人帮忙拍照就是开盲盒 开到金色传说了 我一直在感恩 经验是给对方找好大致的构图 告诉对方主体人物大概会在哪里 还是有几率拍到好看照片的 /不过看起来就特别会拍的女孩 让对方随意发挥就好了 solotrip[话题] 旅行的记忆[话题] 路人拍照[话题] 当我的旅行变得随性[话题] 一个人旅行拍照[话题] 独自旅行[话题] 意大利[话题] 科莫湖[话题] 落雨紫藤[话题],Solo trip请各国路人帮忙拍照大结算,独自出游找路人帮忙拍照就是开盲盒 开到金色传说了 我一直在感恩 经验是给对方找好大致的构图 告诉对方主体人物大概会在哪里 还是有几率拍到好看照片的 /不过看起来就特别会拍的女孩 让对方随意发挥就好了 solotrip[话题] 旅行的记忆[话题] 路人拍照[话题] 当我的旅行变得随性[话题] 一个人旅行拍照[话题] 独自旅行[话题] 意大利[话题] 科莫湖[话题] 落雨紫藤[话题],213,一个人旅行,2,旅行游记,一个人旅行,23,17017,raw_real_texts2.csv,6.0,6.0,6.0,6.0,8.0,4.0,8.0,4.0,4.0,5.98,综合评价：该文本以轻松愉快的口吻分享了独自旅行中请路人拍照的经历，情感积极，氛围乐观，能传递出旅行的随性与惊喜。但在情感深度、环境细节和情节丰富度上较为欠缺，对内心脆弱性和角色成长的刻画不足，限制了共情力的进一步发挥。整体上是一篇能引发共鸣但深度有限的旅行随笔。,deepseek-chat
596a789706c1e8d9,"文艺b独自旅行指南: 1.背个古着包,最好穿一身古着 2.带几个复古设备,比如胶片机和ccd 3.找几个好宅的漂亮酒店 4.经常去便利店觅食,买一堆零食带回酒店 5.宅在酒店里看电影看剧享受人生 6.带着相机骑车随意溜达 7.花大把时间坐在海边观察人类 8.寻找隐藏的好吃苍蝇馆子 9.晚上在便利店买罐酒然后坐海边喝 10.没有旅行计划,不打卡景点,想到哪个地方就去哪 11.白天瘫着睡觉,傍晚准时出现在海边看日落 12.不交朋友也不和人搭讪,最好每天可以不说话 13.旅行结束,自我感动怀念一生。(并且立刻把胶片送去冲洗) 之前那次写的是日本版,这次是海岛版哈哈哈哈,瞎写着玩的,可以对号入座但不要较真 独自旅行 文艺b p人旅游 我的旷野人生 可是旷妈人是野生的 无目的地出走 独自旅行 solotrip 氛围感 当我的旅行变得随性",文艺b独自旅行指南:,"1.背个古着包,最好穿一身古着 2.带几个复古设备,比如胶片机和ccd 3.找几个好宅的漂亮酒店 4.经常去便利店觅食,买一堆零食带回酒店 5.宅在酒店里看电影看剧享受人生 6.带着相机骑车随意溜达 7.花大把时间坐在海边观察人类 8.寻找隐藏的好吃苍蝇馆子 9.晚上在便利店买罐酒然后坐海边喝 10.没有旅行计划,不打卡景点,想到哪个地方就去哪 11.白天瘫着睡觉,傍晚准时出现在海边看日落 12.不交朋友也不和人搭讪,最好每天可以不说话 13.旅行结束,自我感动怀念一生。(并且立刻把胶片送去冲洗) 之前那次写的是日本版,这次是海岛版哈哈哈哈,瞎写着玩的,可以对号入座但不要较真 独自旅行 文艺b p人旅游 我的旷野人生 可是旷妈人是野生的 无目的地出走 独自旅行 solotrip 氛围感 当我的旅行变得随性",368,一个人旅行,2,旅行游记,一个人旅行,71,14238,raw_real_texts3.csv,6.0,6.0,6.0,6.0,6.0,6.0,4.0,4.0,4.0,5.84,综合评价：该文本以清单形式描绘了一种文艺而孤独的旅行方式，情感和环境生动性中等，能唤起读者对自由与孤独的共鸣，但缺乏深度情感挖掘和角色成长。语气中性，情节体量适中，但矛盾解决和情绪转变较弱，整体共情力中等偏上，适合引发轻度共鸣而非强烈情感冲击。,deepseek-chat
4101520bd7ce51ea,"槟城,你真的把solo女养的很好 100元一晚的小房间居然也是青旅呢! 超级南洋风情而且还有9只猫猫作伴! 不用担心安全因为青旅宿舍只开放给女孩! 位置也超级棒就在乔治城市中心, 去吃榴莲拼盘超级方便! 在槟城度过了本次旅行睡眠质量最好的一晚, 希望猫猫们平安健康~ 槟城 青旅 solotrip 独自旅行 独自生活 马来西亚 马来西亚华人 槟城榴莲 猫山王","槟城,你真的把solo女养的很好","100元一晚的小房间居然也是青旅呢! 超级南洋风情而且还有9只猫猫作伴! 不用担心安全因为青旅宿舍只开放给女孩! 位置也超级棒就在乔治城市中心, 去吃榴莲拼盘超级方便! 在槟城度过了本次旅行睡眠质量最好的一晚, 希望猫猫们平安健康~ 槟城 青旅 solotrip 独自旅行 独自生活 马来西亚 马来西亚华人 槟城榴莲 猫山王",179,一个人旅行,2,旅行游记,一个人旅行,76,11470,raw_real_texts3.csv,6.0,6.0,6.0,6.0,8.0,6.0,8.0,4.0,4.0,6.06,综合评价：该文本以积极乐观的笔触记录了在槟城青旅的愉快体验，情感和环境描写虽有一定生动性，但缺乏深度和细节。角色脆弱性和认知表述较为浅层，情节体量适中，矛盾解决彻底，但角色发展和情绪转变程度较低。整体共情力中等，能唤起读者对独自旅行安全与舒适的共鸣，但在情感共鸣和叙事深度上仍有提升空间。,deepseek-chat
a2f6ec4e2fa32f9e,"solo trip的第二年 我觉得旅行没有意义 ️ 拿着从路边小店借来的伞 ,我又回到了青旅的大露台上。这是一个不太寻常的湿冷的夜晚。对面酒馆的乐队还在不知疲倦的演奏着,一会是欢快的歌、一会是离别的歌。我瘫坐在摇椅上,吹着风,听雨滴稀稀拉拉,风没有形状,没有方向,只是摇曳。 回想从2025开始的solo trip ,我的随身行李变得越来越少了,为了避免感官超载,为了可以随时出发。我身上携带的所有的东西都可以不必要、不重要、被遗弃。只要我在。 此刻如果有点小酒就更好了,没有也没有关系,我感受到自己已经在和许多的生命共同经历着这样的夜晚。 我看到和我同样瘫着发呆的人、看书的人、不同皮肤的人,寂寞的人 、自由的人、浪漫的人、迷茫的人,还有时不时从身边蹿过去消失得无影无踪你再也见不到第二次的壁虎。这种淡淡的疏远的共鸣,让人安心又自在。 我们好像都活在这个瞬间里,又活在各自的秩序里,离开、漂泊、试炼、回归,站在一片空白中,走一段没有目的的路,慢慢长出了自己的形状。 旅行没有意义,不追逐,才能珍惜感受在每一刻。 solotrip[话题] 旅行的意义是找到自己[话题] 世界这本书又看了几页[话题] 想念世界的每一天[话题] 谁说旅游不能一个人[话题] 我在好好感受这个世界[话题] 旅行让我看不一样的世界[话题] fyp[话题] 五一我在现场[话题] 小长假[话题]",solo trip的第二年 我觉得旅行没有意义 ️,"拿着从路边小店借来的伞 ,我又回到了青旅的大露台上。这是一个不太寻常的湿冷的夜晚。对面酒馆的乐队还在不知疲倦的演奏着,一会是欢快的歌、一会是离别的歌。我瘫坐在摇椅上,吹着风,听雨滴稀稀拉拉,风没有形状,没有方向,只是摇曳。 回想从2025开始的solo trip ,我的随身行李变得越来越少了,为了避免感官超载,为了可以随时出发。我身上携带的所有的东西都可以不必要、不重要、被遗弃。只要我在。 此刻如果有点小酒就更好了,没有也没有关系,我感受到自己已经在和许多的生命共同经历着这样的夜晚。 我看到和我同样瘫着发呆的人、看书的人、不同皮肤的人,寂寞的人 、自由的人、浪漫的人、迷茫的人,还有时不时从身边蹿过去消失得无影无踪你再也见不到第二次的壁虎。这种淡淡的疏远的共鸣,让人安心又自在。 我们好像都活在这个瞬间里,又活在各自的秩序里,离开、漂泊、试炼、回归,站在一片空白中,走一段没有目的的路,慢慢长出了自己的形状。 旅行没有意义,不追逐,才能珍惜感受在每一刻。 solotrip[话题] 旅行的意义是找到自己[话题] 世界这本书又看了几页[话题] 想念世界的每一天[话题] 谁说旅游不能一个人[话题] 我在好好感受这个世界[话题] 旅行让我看不一样的世界[话题] fyp[话题] 五一我在现场[话题] 小长假[话题]",584,一个人旅行,2,旅行游记,一个人旅行,32,6528,raw_real_texts2.csv,6.0,6.0,6.0,6.0,6.0,4.0,4.0,4.0,4.0,5.76,综合评价：文本以细腻的笔触描绘了独自旅行中的孤独与自由，情感和环境描写具有一定生动性，能引发读者对自我状态的共鸣。但情节体量较小，矛盾解决和角色发展程度有限，情绪转变不够强烈，整体共情力中等。优势在于对细微感受的捕捉和哲思性表达，不足在于缺乏更深入的个人故事和情感冲击。,deepseek-chat
a209ea4582c1770d,"solo trip的第二年 我觉得旅行没有意义 ️ 拿着从路边小店借来的伞 ,我又回到了青旅的大露台上。这是一个不太寻常的湿冷的夜晚。对面酒馆的乐队还在不知疲倦的演奏着,一会是欢快的歌、一会是离别的歌。我瘫坐在摇椅上,吹着风,听雨滴稀稀拉拉,风没有形状,没有方向,只是摇曳。 回想从2025开始的solo trip ,我的随身行李变得越来越少了,为了避免感官超载,为了可以随时出发。我身上携带的所有的东西都可以不必要、不重要、被遗弃。只要我在。 此刻如果有点小酒就更好了,没有也没有关系,我感受到自己已经在和许多的生命共同经历着这样的夜晚。 我看到和我同样瘫着发呆的人、看书的人、不同皮肤的人,寂寞的人 、自由的人、浪漫的人、迷茫的人,还有时不时从身边蹿过去消失得无影无踪你再也见不到第二次的壁虎。这种淡淡的疏远的共鸣,让人安心又自在。 我们好像都活在这个瞬间里,又活在各自的秩序里,离开、漂泊、试炼、回归,站在一片空白中,走一段没有目的的路,慢慢长出了自己的形状。 旅行没有意义,不追逐,才能珍惜感受在每一刻。 solotrip 旅行的意义是找到自己 世界这本书又看了几页 想念世界的每一天 谁说旅游不能一个人 我在好好感受这个世界 旅行让我看不一样的世界 fyp 五一我在现场 小长假",solo trip的第二年 我觉得旅行没有意义 ️,"拿着从路边小店借来的伞 ,我又回到了青旅的大露台上。这是一个不太寻常的湿冷的夜晚。对面酒馆的乐队还在不知疲倦的演奏着,一会是欢快的歌、一会是离别的歌。我瘫坐在摇椅上,吹着风,听雨滴稀稀拉拉,风没有形状,没有方向,只是摇曳。 回想从2025开始的solo trip ,我的随身行李变得越来越少了,为了避免感官超载,为了可以随时出发。我身上携带的所有的东西都可以不必要、不重要、被遗弃。只要我在。 此刻如果有点小酒就更好了,没有也没有关系,我感受到自己已经在和许多的生命共同经历着这样的夜晚。 我看到和我同样瘫着发呆的人、看书的人、不同皮肤的人,寂寞的人 、自由的人、浪漫的人、迷茫的人,还有时不时从身边蹿过去消失得无影无踪你再也见不到第二次的壁虎。这种淡淡的疏远的共鸣,让人安心又自在。 我们好像都活在这个瞬间里,又活在各自的秩序里,离开、漂泊、试炼、回归,站在一片空白中,走一段没有目的的路,慢慢长出了自己的形状。 旅行没有意义,不追逐,才能珍惜感受在每一刻。 solotrip 旅行的意义是找到自己 世界这本书又看了几页 想念世界的每一天 谁说旅游不能一个人 我在好好感受这个世界 旅行让我看不一样的世界 fyp 五一我在现场 小长假",544,一个人旅行,2,旅行游记,一个人旅行,69,6353,raw_real_texts3.csv,6.0,6.0,6.0,6.0,4.0,4.0,4.0,4.0,4.0,5.66,综合评价：文本以细腻的笔触描绘了独自旅行中的孤独与自由，环境氛围和内心感受有一定感染力，但情感表达偏内敛，个人脆弱性展现不足，认知思考虽清晰却不够深入。情节体量较小，矛盾解决和角色发展均较薄弱，整体共情力中等。若能增加更多具体细节和情感起伏，将更能唤起读者的共鸣。,deepseek-chat
86ce32c1aeef372c,Vlog 一个人出发京都旅行 京都初夏好舒服 独自旅行只有第一次跟无数次 你会发现自己真的有了很远的路 别害怕 路上会遇到同行人 vlog 一个人旅行 solotrip 日本 京都 日本旅行 一个人出门就是和地球约会 修丽可 修丽防晒小银伞 防晒霜推荐,Vlog 一个人出发京都旅行,京都初夏好舒服 独自旅行只有第一次跟无数次 你会发现自己真的有了很远的路 别害怕 路上会遇到同行人 vlog 一个人旅行 solotrip 日本 京都 日本旅行 一个人出门就是和地球约会 修丽可 修丽防晒小银伞 防晒霜推荐,126,一个人旅行,2,旅行游记,一个人旅行,78,6190,raw_real_texts3.csv,2.0,2.0,2.0,2.0,8.0,2.0,4.0,4.0,4.0,2.46,该文本作为短视频标题和标签集合，信息密度极低，缺乏具体叙事和情感细节，导致在情感生动性、环境描写和角色脆弱性等核心共情维度上得分很低。虽然语气乐观积极，但缺乏情节支撑和认知深度，难以让读者产生深刻共鸣。整体上，文本更像一个宣传口号而非完整故事，共情唤起能力较弱。,deepseek-chat
bb514ce504aa6997,"旅行前一直看小红书上说一个人旅游很爽,结果......小小的主包,大大的孤独,重重的背包,丑丑的照片 一个人去旅游 一个人游玩 独自旅行 一个人旅行","旅行前一直看小红书上说一个人旅游很爽,结果......小小的主包,大大的孤独,重重的背包,丑丑的照片 一个人去旅游 一个人游玩 独自旅行 一个人旅行","旅行前一直看小红书上说一个人旅游很爽,结果......小小的主包,大大的孤独,重重的背包,丑丑的照片 一个人去旅游 一个人游玩 独自旅行 一个人旅行",74,一个人旅行,2,旅行游记,一个人旅行,88,3315,raw_real_texts3.csv,6.0,2.0,6.0,2.0,4.0,2.0,2.0,2.0,2.0,4.5,该文本以碎片化的网络语言表达了独自旅行的孤独感，情感生动性部分达标，但环境描写、认知深度和情节体量严重不足，导致共情唤起主要依赖读者对“孤独”的普遍体验。文本的脆弱性通过自嘲有所体现，但缺乏细节支撑，整体叙事单薄，情绪转变和角色发展几乎为零。若能补充具体场景、内心独白或事件转折，将显著提升共情力。,deepseek-chat
09914b430c115480,solo trip丽江 : 大理 丽江 香格里拉 这三个城市我都去了 但如果非要选一个我心里的top 那可能是丽江 丽江市区里抬头就能看到雪山 真的让我很惊喜 当然天气好是前提 在丽江的时间不多 我就去了云杉坪+玉湖村+白沙古镇 (这是三个地方都我都很喜欢 因为本人是一个比较爱看当地特色建筑+自然风貌的人) 云杉坪 美!就是上山稍有些繁琐 一路上要排队好几次...(^^) 我那天是阴雨天 山上云雾缭绕的 雪山根本看不见...原始森林环境就是好 在山上会下意识大口吸氧hhhhh 玉湖村 在雪山下的一个村落 村子里很多房子都是石头砌的 阳光特别好 村子里的那个湖 说白了就是修的一个池子(?)多云天气其实很一般...不过村子比较高 视野挺好的 很开阔 适合发呆 白沙古镇 古镇这些地方 商业化是必然的 平常心看待就好 依旧在雪山下 找个咖啡店的屋顶是能看到雪山的 这里的咖啡店基本都有院落 真的能感受到微风和阳光拂过面庞 总结一下 丽江作为一个旅游城市已经非常成熟了 以后有机会可能还会再去一趟 顺便去把泸沽湖打卡了 手机摄影 一个人去云南 2025最小单位的快乐 精神云南人 丽江旅行 独自旅行 solotrip 女生独自旅行,solo trip丽江 :,大理 丽江 香格里拉 这三个城市我都去了 但如果非要选一个我心里的top 那可能是丽江 丽江市区里抬头就能看到雪山 真的让我很惊喜 当然天气好是前提 在丽江的时间不多 我就去了云杉坪+玉湖村+白沙古镇 (这是三个地方都我都很喜欢 因为本人是一个比较爱看当地特色建筑+自然风貌的人) 云杉坪 美!就是上山稍有些繁琐 一路上要排队好几次...(^^) 我那天是阴雨天 山上云雾缭绕的 雪山根本看不见...原始森林环境就是好 在山上会下意识大口吸氧hhhhh 玉湖村 在雪山下的一个村落 村子里很多房子都是石头砌的 阳光特别好 村子里的那个湖 说白了就是修的一个池子(?)多云天气其实很一般...不过村子比较高 视野挺好的 很开阔 适合发呆 白沙古镇 古镇这些地方 商业化是必然的 平常心看待就好 依旧在雪山下 找个咖啡店的屋顶是能看到雪山的 这里的咖啡店基本都有院落 真的能感受到微风和阳光拂过面庞 总结一下 丽江作为一个旅游城市已经非常成熟了 以后有机会可能还会再去一趟 顺便去把泸沽湖打卡了 手机摄影 一个人去云南 2025最小单位的快乐 精神云南人 丽江旅行 独自旅行 solotrip 女生独自旅行,515,一个人旅行,2,旅行游记,一个人旅行,77,3077,raw_real_texts3.csv,6.0,6.0,6.0,6.0,8.0,6.0,6.0,4.0,6.0,6.04,综合评价：该文本以轻松愉快的笔触记录了丽江的旅行见闻，情感真实自然，能传递出作者的喜悦与满足。在环境生动性和语气情绪方面表现较好，能让读者感受到丽江的魅力。但在角色脆弱性、认知深度和角色发展方面略显不足，文本更偏向于旅行分享而非深度情感叙事。总体而言，能唤起读者对丽江的向往，但在引发深层共情上还有提升空间。,deepseek-chat
4b3fad8edebf7d04,常年自己一个人玲包就跑 住宿和交通 很多时候到地方了 一个人的价格比结伴便宜...单人很容易遇到酒店民宿的特价房升房型 但双人概率就小很多 另外一个人交通方式选择很多 还便宜 一个人去旅游[话题] 一个人游玩[话题] 谁说旅游不能一个人[话题] 旅游不踩坑[话题] 想走就走的旅行[话题] 一个人旅行[话题],,常年自己一个人玲包就跑 住宿和交通 很多时候到地方了 一个人的价格比结伴便宜...单人很容易遇到酒店民宿的特价房升房型 但双人概率就小很多 另外一个人交通方式选择很多 还便宜 一个人去旅游[话题] 一个人游玩[话题] 谁说旅游不能一个人[话题] 旅游不踩坑[话题] 想走就走的旅行[话题] 一个人旅行[话题],154,一个人旅行,2,旅行游记,一个人旅行,26,2434,raw_real_texts2.csv,2.0,2.0,2.0,6.0,6.0,2.0,2.0,2.0,2.0,2.52,该文本以实用信息为主，强调独自旅行的经济优势，但缺乏情感深度和叙事细节，难以引发读者共情。优势在于提供了具体的成本对比，但劣势在于没有个人故事、情感表达或环境描写，导致共情力较低。建议增加个人体验、情感波动和场景细节，以提升文本的感染力。,deepseek-chat
22a562e9d4c334c0,"infp在巴厘岛懒懒又幸福的一个月。。 一直没敢做巴厘岛的Plog因为有太多美好又短暂的回忆了,每次看照片都有点难过,像是有些东西从生命中永远地剥落了,好甜蜜的忧伤。。 好喜欢东南亚,好喜欢热带,潮湿混乱又勃勃生机,在无序与文明之间达成微妙平衡。浓烈的阳光扫过这片土地,硕大的芭蕉树从土里冒出,骑着摩托驶过坑洼不平的柏油马路,身后是奔腾的稻田。 傍晚巷口总会传来甘美兰的乐音,空灵又迷人,据说是向神明献上的声音贡品。走在街上,鼻尖飘来线香的味道,人们开始今天的第三次祷告。忽然有风吹过,树影婆娑,头顶的绿色沙沙作响。随后世界又陷入巨大的宁静中。 日常plog plog infp 好想去热带 低俗博主 巴厘岛 印尼 浪漫生活记录 独自旅行 穷游",infp在巴厘岛懒懒又幸福的一个月。。,"一直没敢做巴厘岛的Plog因为有太多美好又短暂的回忆了,每次看照片都有点难过,像是有些东西从生命中永远地剥落了,好甜蜜的忧伤。。 好喜欢东南亚,好喜欢热带,潮湿混乱又勃勃生机,在无序与文明之间达成微妙平衡。浓烈的阳光扫过这片土地,硕大的芭蕉树从土里冒出,骑着摩托驶过坑洼不平的柏油马路,身后是奔腾的稻田。 傍晚巷口总会传来甘美兰的乐音,空灵又迷人,据说是向神明献上的声音贡品。走在街上,鼻尖飘来线香的味道,人们开始今天的第三次祷告。忽然有风吹过,树影婆娑,头顶的绿色沙沙作响。随后世界又陷入巨大的宁静中。 日常plog plog infp 好想去热带 低俗博主 巴厘岛 印尼 浪漫生活记录 独自旅行 穷游",322,一个人旅行,2,旅行游记,一个人旅行,80,2363,raw_real_texts3.csv,10.0,10.0,6.0,6.0,6.0,6.0,4.0,4.0,6.0,8.48,该文本在情感与环境生动性上表现突出，通过细腻的多感官描写和真挚的情感抒发，成功唤起读者对热带生活的向往与共情。但角色脆弱性和认知深度稍显不足，缺乏个人故事支撑，使共情停留在氛围层面。整体情绪基调偏怀旧，矛盾未解决，角色发展有限，但文本的文学性和感染力弥补了部分不足，适合引发情感共鸣而非深度叙事体验。,deepseek-chat
9f92b8032a3032ea,一个人去宇治真的太幸福了 宇治就是这样一座安静的小城 不需要做任何plan 随便走才是探索它的最佳方式 走累了随便走进一家店点一份抹茶甜品吃吃 离开时再带点抹茶伴手礼 啊 太幸福了 ( ́θ`) 宇治川的风 也好舒适~ 独自旅行 一个人出门走走 宇治 宇治抹茶 solotrip 地球街溜子,一个人去宇治真的太幸福了,宇治就是这样一座安静的小城 不需要做任何plan 随便走才是探索它的最佳方式 走累了随便走进一家店点一份抹茶甜品吃吃 离开时再带点抹茶伴手礼 啊 太幸福了 ( ́θ`) 宇治川的风 也好舒适~ 独自旅行 一个人出门走走 宇治 宇治抹茶 solotrip 地球街溜子,145,一个人旅行,2,旅行游记,一个人旅行,70,1610,raw_real_texts3.csv,6.0,6.0,2.0,2.0,8.0,4.0,4.0,2.0,2.0,5.04,综合评价：该文本以轻松愉快的笔调记录了独自在宇治旅行的幸福感受，情感基调积极乐观，能传递出愉悦的氛围。然而，文本在情感深度、环境细节、认知反思和角色发展方面较为薄弱，缺乏能引发读者深层共情的元素。整体上，它更像是一篇简短的旅行心情记录，而非一个能唤起强烈情感共鸣的叙事。,deepseek-chat
6c193430de67e50c,"大家都是几岁开始solotrip的? 我先来,我是20岁。一个人去了武汉和北京。 先开始怕不安全毕竟是一个女生,后来发现没啥。 两个月后独自去南京,苏州,杭州。我是内蒙人哦,跨越一千多公里只为热爱! 你们呢?欢迎评论区交流!! 人生壮游之solotrip[话题] howto一个人旅行[话题] 独自旅行[话题] 一个人去旅游[话题] 我的人生旅途[话题] 一个人旅行有多酷[话题] 人生有多少说走就走的旅行[话题] 高精力友好旅行[话题]",大家都是几岁开始solotrip的?,"我先来,我是20岁。一个人去了武汉和北京。 先开始怕不安全毕竟是一个女生,后来发现没啥。 两个月后独自去南京,苏州,杭州。我是内蒙人哦,跨越一千多公里只为热爱! 你们呢?欢迎评论区交流!! 人生壮游之solotrip[话题] howto一个人旅行[话题] 独自旅行[话题] 一个人去旅游[话题] 我的人生旅途[话题] 一个人旅行有多酷[话题] 人生有多少说走就走的旅行[话题] 高精力友好旅行[话题]",219,一个人旅行,2,旅行游记,一个人旅行,22,1585,raw_real_texts2.csv,2.0,2.0,6.0,2.0,8.0,4.0,4.0,4.0,4.0,2.94,该文本以分享个人旅行经历为主，情感表达和场景描写较为薄弱，难以让读者产生强烈的画面感和情绪共鸣。虽然语气积极，但缺乏对内心世界和成长过程的深入挖掘，角色脆弱性和认知反思不足。整体故事体量小，矛盾解决简单，共情唤起能力有限。建议增加具体细节、情感波动和反思内容，以提升文本的感染力。,deepseek-chat
e569d8947a67b505,"“喜欢solotrip是因为我自私” 莫泊桑说,人一定要疯狂爱上什么,才不会被无趣的生活吞没。 对我而言,那些东西里,排在首位的永远是:solotrip。 / 坦白讲,我独自旅行,不是因为酷,不是因为勇敢,而是因为——我自私。 我不想照顾任何人的心情。 一个人出发,就意味着我终于可以只考虑自己。 早上几点起?随便。 今天要不要去那个景点?看心情。 累了就在路边坐半小时——没有人会问“你怎么还不走”。 我不需要解释,不需要妥协,不需要在疲惫时还要挤出笑容说“我都可以”。 在solotrip里,我就是世界的中心。 不是傲慢,是那种难得的、理直气壮的——我的时间、我的注意力、我的感受,都只属于我自己。 / 有人问我,一个人旅行不孤独吗? 我想起庆山在《一次旅行》里的那句话: “置身在人群中,但不与他们发生关系。我喜欢流动并且疏离的状态。” “每一次出发、跋涉、抵达、回归,最终所向并非为了抵达某处,而是洞晓和获取一个新的自己。” / 我就是自私。 我就是要先照顾好自己的灵魂。 我就是要在这无趣的生活里,靠一场又一场solotrip,把自己打捞起来。 howto一个人旅行 文字 以喜欢的方式去生活 独居生活 那是我一直想去 当我的旅行变得随性 独自旅行 女性成长 随笔",“喜欢solotrip是因为我自私”,"莫泊桑说,人一定要疯狂爱上什么,才不会被无趣的生活吞没。 对我而言,那些东西里,排在首位的永远是:solotrip。 / 坦白讲,我独自旅行,不是因为酷,不是因为勇敢,而是因为——我自私。 我不想照顾任何人的心情。 一个人出发,就意味着我终于可以只考虑自己。 早上几点起?随便。 今天要不要去那个景点?看心情。 累了就在路边坐半小时——没有人会问“你怎么还不走”。 我不需要解释,不需要妥协,不需要在疲惫时还要挤出笑容说“我都可以”。 在solotrip里,我就是世界的中心。 不是傲慢,是那种难得的、理直气壮的——我的时间、我的注意力、我的感受,都只属于我自己。 / 有人问我,一个人旅行不孤独吗? 我想起庆山在《一次旅行》里的那句话: “置身在人群中,但不与他们发生关系。我喜欢流动并且疏离的状态。” “每一次出发、跋涉、抵达、回归,最终所向并非为了抵达某处,而是洞晓和获取一个新的自己。” / 我就是自私。 我就是要先照顾好自己的灵魂。 我就是要在这无趣的生活里,靠一场又一场solotrip,把自己打捞起来。 howto一个人旅行 文字 以喜欢的方式去生活 独居生活 那是我一直想去 当我的旅行变得随性 独自旅行 女性成长 随笔",537,一个人旅行,2,旅行游记,一个人旅行,72,1528,raw_real_texts3.csv,6.0,2.0,6.0,6.0,6.0,4.0,4.0,4.0,4.0,5.16,综合评价：该文本以个人独白方式表达了对独自旅行的热爱和自私的自我认知，情感真挚但缺乏具体场景和细节支撑，环境生动性不足。认知层面有一定深度，引用了文学名言，但情节体量和矛盾解决程度较低，整体故事性较弱。角色发展不明显，情绪转变温和，共情力主要依赖于作者坦诚的自我剖析，但难以让读者产生强烈的代入感。,deepseek-chat
15786b4b71e84b93,一个人旅行的问题 一个人旅行 前提是有强大的心理素质 独自穿梭在陌生的城市 要有极强的解决问题和策划能力 否则很容易陷入自我怀疑 当然 如果你强大到能克服这些 那恭喜你 唯一剩下的缺点就是 自己一个人吃不下太多东西 一个人旅行[话题],一个人旅行的问题,一个人旅行 前提是有强大的心理素质 独自穿梭在陌生的城市 要有极强的解决问题和策划能力 否则很容易陷入自我怀疑 当然 如果你强大到能克服这些 那恭喜你 唯一剩下的缺点就是 自己一个人吃不下太多东西 一个人旅行[话题],117,一个人旅行,2,旅行游记,一个人旅行,21,1396,raw_real_texts2.csv,2.0,2.0,2.0,6.0,6.0,2.0,4.0,2.0,2.0,2.58,综合评价：该文本以议论性口吻探讨独自旅行的挑战，缺乏具体叙事和情感细节，难以引发读者情感共鸣。优势在于对旅行心理的理性认知，但整体共情力较弱，未能通过生动场景、人物脆弱性或情绪变化来打动读者。建议增加个人经历叙述和细节描写以提升共情效果。,deepseek-chat
da5a11ab481c3ac9,我的第一次solo trip! “于是 我开始期待下一次出逃” solotrip 独自旅游 对我友好的旅行 P人友好旅行 i人 原创漫画 记录生活,我的第一次solo trip!,“于是 我开始期待下一次出逃” solotrip 独自旅游 对我友好的旅行 P人友好旅行 i人 原创漫画 记录生活,73,一个人旅行,2,旅行游记,一个人旅行,75,1137,raw_real_texts3.csv,2.0,2.0,2.0,2.0,6.0,2.0,4.0,2.0,2.0,2.26,综合评价：该文本篇幅极短，仅是一个旅行经历的简单记录，缺乏情感细节、环境描写和个人脆弱性的展现，导致共情唤起能力非常有限。优势在于“第一次”和“独自”等关键词能引发读者对类似经历的联想，但文本未提供足够的情感锚点。整体上，文本更像一个社交媒体的标签式分享，而非一个能深度触动读者的叙事。若要提升共情力，需要补充具体的情感体验、场景细节和个人反思。,deepseek-chat
f5b43495d47a39cc,"女孩子千万不要自己旅行! 住院的前一夜独自在酒店扛... 截至目前已经独旅去过青岛,太原,乌鲁木齐,忻州,五台山... 此时此刻我在大理第二医院,也是独自旅行。 坦白说,独旅那种自由,面对未知兴奋的感觉让我很上瘾,也让我忽视了很多风险。就像这次 内蒙人来到南方,可能是水土不服,第一夜突然急性肠胃炎,自己一个人在床上翻滚,无法入眠,上吐下泻,感觉要把全身都掏空才能安稳。外卖买了 ,吃了还是没有用,想找一点热水来喝 ,但是自己疼的根本起不来,当时想去医院,想到了打 ,但最后没有去,因为自己的衣服tuo了没有力气穿,不能就这样叫 ‍ ️来[哭惹R] 当一个人在外生病,连一个扶自己从床上起来的人都没有的时候,那种感觉太苦b了 所以打算独旅的朋友一定要慎重出发,照顾好自己,希望大家都不会和我感同身受[皱眉R] 身体缺席的旅行[话题] 独旅[话题] 女生必看[话题]",女孩子千万不要自己旅行!,"住院的前一夜独自在酒店扛... 截至目前已经独旅去过青岛,太原,乌鲁木齐,忻州,五台山... 此时此刻我在大理第二医院,也是独自旅行。 坦白说,独旅那种自由,面对未知兴奋的感觉让我很上瘾,也让我忽视了很多风险。就像这次 内蒙人来到南方,可能是水土不服,第一夜突然急性肠胃炎,自己一个人在床上翻滚,无法入眠,上吐下泻,感觉要把全身都掏空才能安稳。外卖买了 ,吃了还是没有用,想找一点热水来喝 ,但是自己疼的根本起不来,当时想去医院,想到了打 ,但最后没有去,因为自己的衣服tuo了没有力气穿,不能就这样叫 ‍ ️来[哭惹R] 当一个人在外生病,连一个扶自己从床上起来的人都没有的时候,那种感觉太苦b了 所以打算独旅的朋友一定要慎重出发,照顾好自己,希望大家都不会和我感同身受[皱眉R] 身体缺席的旅行[话题] 独旅[话题] 女生必看[话题]",382,一个人旅行,2,旅行游记,一个人旅行,28,1050,raw_real_texts2.csv,6.0,2.0,6.0,6.0,4.0,4.0,2.0,4.0,4.0,5.0,综合评价：文本真实地呈现了独自旅行中生病无助的脆弱时刻，情感表达直接，能引发读者对安全问题的共鸣。但在环境描写、情节丰富度和角色发展方面较为薄弱，限制了共情的深度。建议增加更多感官细节和内心挣扎的描写，以增强情感感染力。,deepseek-chat
31f0256ed0ef3f33,solotrip新加坡|1k预算钻进城市森林(攻略 准备: 1️⃣转换插头 2️⃣电话卡(可以国内提前购买也可以落地机场自取 需要自己带卡针 也有电话卡+公交卡的套餐 3️⃣钱(可以提前换汇/带现金去换汇/准备Visa卡 备一张Visa更方便 因为可以直接刷公交地铁 有0.6的手续费/天 适合短途旅游 需要购新币使用 4️⃣单独购买公交卡去地铁站门口购买即可 价格10新 5新工本费5新余额 充值也在地铁站门口有机器可充值 支持现金visa等 住的7wonders hostel三晚一共449 厕所有蟑螂/床上有头发。 玩: D1植物园 ️鱼尾狮 D2麦里芝徒步 ️图书馆 D3 New2U by SCWO古着店 ️友谊书斋 ️旧禧街警察局 ️福康宁公园 ️Hong Lim Market & Food Centre(最近的食阁 ️未完成书店 ️牛车水 ️图书馆 喜欢绿色的话福康宁/植物园/麦里芝都是可以呆一天的地方 还有很多徒步路线可以自行 看好天气 暑假阵雨多记得带伞 图上有更多、 红薯旅行家 独自旅行 旅游编辑部 旅途中的100个故事 城市漫步计划 新加坡 新加坡攻略 与我一起城市慢游,solotrip新加坡|1k预算钻进城市森林(攻略,准备: 1️⃣转换插头 2️⃣电话卡(可以国内提前购买也可以落地机场自取 需要自己带卡针 也有电话卡+公交卡的套餐 3️⃣钱(可以提前换汇/带现金去换汇/准备Visa卡 备一张Visa更方便 因为可以直接刷公交地铁 有0.6的手续费/天 适合短途旅游 需要购新币使用 4️⃣单独购买公交卡去地铁站门口购买即可 价格10新 5新工本费5新余额 充值也在地铁站门口有机器可充值 支持现金visa等 住的7wonders hostel三晚一共449 厕所有蟑螂/床上有头发。 玩: D1植物园 ️鱼尾狮 D2麦里芝徒步 ️图书馆 D3 New2U by SCWO古着店 ️友谊书斋 ️旧禧街警察局 ️福康宁公园 ️Hong Lim Market & Food Centre(最近的食阁 ️未完成书店 ️牛车水 ️图书馆 喜欢绿色的话福康宁/植物园/麦里芝都是可以呆一天的地方 还有很多徒步路线可以自行 看好天气 暑假阵雨多记得带伞 图上有更多、 红薯旅行家 独自旅行 旅游编辑部 旅途中的100个故事 城市漫步计划 新加坡 新加坡攻略 与我一起城市慢游,499,一个人旅行,2,旅行游记,一个人旅行,81,1027,raw_real_texts3.csv,2.0,6.0,2.0,2.0,6.0,4.0,2.0,2.0,2.0,2.88,该文本是一篇典型的实用型旅行攻略，侧重于提供具体、可操作的信息，如准备物品、行程安排和费用明细。在共情力方面，它几乎不涉及个人情感、内心体验或叙事性内容，导致读者难以与作者产生情感连接。虽然环境生动性因地点列举而略有得分，但整体缺乏故事性、脆弱性和认知深度，使得共情唤起能力非常有限。若希望提升共情力，建议融入个人旅行中的小故事、情绪波动或对所见所闻的反思。,deepseek-chat
63714c824e4f930c,"嗯对,solotrip就是一场酣畅淋漓的尿失禁 月初一个人去俄罗斯旅行,出行前整个人焦虑到睡不着,做了好多攻略行李都收拾检查了两三遍,又是害怕行李被撬又是害怕穿的不够去极寒地区被冻僵,出发前对自己说不管了发生什么我都认了,结果去了之后感觉还没老沪头一半冷,缠了一层又一层保鲜膜的行李箱依旧是完好无损。 可笑的是为了保证自身的人生安全和尽可能制造人生回忆我真成皇帝了,我真的做到不顾旁人眼光地旅行了,因为没有认识的人语言也不通我想干嘛就干嘛,我可以和路边不认识的毛子老头用手语交流,和刚认识的陌生人一起买泡面喝啤酒,我可以不管时间地在路边坐着画速写,我可以一个人自言自语听着歌走在陌生的大街上吃着冰淇淋录一个outfitcheck,我想吃什么买什么干什么都可以随我自由的意志。 “好想不顾旁光的活一次啊!”,身为infj的我时常在想我真的可以不用考虑别人的感受随自己的心意决定一切吗?在沪读研的我每天都在哭诉,回来之后我还和朋友调侃起这个梗,好了好了你现在做到了,你不仅是不顾旁光的活了,你还不顾膀胱的活了,因为经历的每一瞬间都太过鲜明,旅程中的每一天眼泪都像尿一般丝滑地喷涌过我的眼角,solotrip原来就是这种尿失禁的感觉吗! 当我的旅行变得随性 solotrip 随笔 摩尔曼斯克 俄罗斯","嗯对,solotrip就是一场酣畅淋漓的尿失禁","月初一个人去俄罗斯旅行,出行前整个人焦虑到睡不着,做了好多攻略行李都收拾检查了两三遍,又是害怕行李被撬又是害怕穿的不够去极寒地区被冻僵,出发前对自己说不管了发生什么我都认了,结果去了之后感觉还没老沪头一半冷,缠了一层又一层保鲜膜的行李箱依旧是完好无损。 可笑的是为了保证自身的人生安全和尽可能制造人生回忆我真成皇帝了,我真的做到不顾旁人眼光地旅行了,因为没有认识的人语言也不通我想干嘛就干嘛,我可以和路边不认识的毛子老头用手语交流,和刚认识的陌生人一起买泡面喝啤酒,我可以不管时间地在路边坐着画速写,我可以一个人自言自语听着歌走在陌生的大街上吃着冰淇淋录一个outfitcheck,我想吃什么买什么干什么都可以随我自由的意志。 “好想不顾旁光的活一次啊!”,身为infj的我时常在想我真的可以不用考虑别人的感受随自己的心意决定一切吗?在沪读研的我每天都在哭诉,回来之后我还和朋友调侃起这个梗,好了好了你现在做到了,你不仅是不顾旁光的活了,你还不顾膀胱的活了,因为经历的每一瞬间都太过鲜明,旅程中的每一天眼泪都像尿一般丝滑地喷涌过我的眼角,solotrip原来就是这种尿失禁的感觉吗! 当我的旅行变得随性 solotrip 随笔 摩尔曼斯克 俄罗斯",547,一个人旅行,2,旅行游记,一个人旅行,82,873,raw_real_texts3.csv,6.0,6.0,6.0,6.0,8.0,6.0,8.0,8.0,8.0,6.26,综合评价：该文本以幽默和自嘲的方式展现了个人旅行中的情感转变，从焦虑到自由，情绪起伏明显，角色发展清晰。情感和环境生动性方面有一定表现，但细节描写不够丰富，削弱了共情深度。认知表述和脆弱性展现适中，整体语气乐观，矛盾解决彻底，能够唤起读者对自由和自我突破的共鸣。,deepseek-chat
bdf5e526decb1495,"solo trip in 山西 一个人旅行好像也只能拍拍风景,抠搜着选出了九张图。虽然和gr2的28mm仍在磨合期,但这片土地实在美丽。 这次在大同呆的时间最久,严格来说大同并不太适合一个人旅行,每个景点信息量都很庞大,物理距离也远,一个人需要拼车、拼讲解......不过一路上因此也认识了很多可爱女孩,甚至和萌妹拼了一次“好晚饭”。临时抱佛脚精神贯穿人生,耳机里放的是人文清华的节目,颠簸的路途也就不那么无聊了,偶尔睡着,醒来发现已经到站。 于是一个人走过很多书本上的地点,遇到很多像贾樟柯电影里的人。自己像小武一样无目的地行走在陌生的城市,每天天气都很好,虽然路上总是灰蒙蒙的。被层层保护起来的是文化遗产,围栏外一直是努力生活的人。 solotrip 山西 大同 寺庙旅行 一眼千年晋在眼前 地上古建看山西 中国古都天下大同 gr2 摄影日常",solo trip in 山西,"一个人旅行好像也只能拍拍风景,抠搜着选出了九张图。虽然和gr2的28mm仍在磨合期,但这片土地实在美丽。 这次在大同呆的时间最久,严格来说大同并不太适合一个人旅行,每个景点信息量都很庞大,物理距离也远,一个人需要拼车、拼讲解......不过一路上因此也认识了很多可爱女孩,甚至和萌妹拼了一次“好晚饭”。临时抱佛脚精神贯穿人生,耳机里放的是人文清华的节目,颠簸的路途也就不那么无聊了,偶尔睡着,醒来发现已经到站。 于是一个人走过很多书本上的地点,遇到很多像贾樟柯电影里的人。自己像小武一样无目的地行走在陌生的城市,每天天气都很好,虽然路上总是灰蒙蒙的。被层层保护起来的是文化遗产,围栏外一直是努力生活的人。 solotrip 山西 大同 寺庙旅行 一眼千年晋在眼前 地上古建看山西 中国古都天下大同 gr2 摄影日常",373,一个人旅行,2,旅行游记,一个人旅行,84,774,raw_real_texts3.csv,6.0,6.0,6.0,6.0,6.0,4.0,4.0,4.0,4.0,5.76,该文本以平实的笔触记录了独自旅行的经历，情感真实但不够强烈，环境描写和认知思考均处于中等水平。角色脆弱性体现有限，情节简单且矛盾未充分展开，导致整体共情力中等。优势在于真实的生活片段和淡淡的孤独感，不足在于缺乏深度情感渲染和角色成长，难以引发强烈共鸣。,deepseek-chat
656283820378416d,"不穷游不特种兵,女生一人游印尼7天4k攻略 发朋友圈很多朋友问就顺手写了,女生一个人出去玩还是要注意安全哦 印度尼西亚 龙目岛 吉利岛 佩妮达岛","不穷游不特种兵,女生一人游印尼7天4k攻略","发朋友圈很多朋友问就顺手写了,女生一个人出去玩还是要注意安全哦 印度尼西亚 龙目岛 吉利岛 佩妮达岛",72,一个人旅行,2,旅行游记,一个人旅行,86,634,raw_real_texts3.csv,2.0,2.0,2.0,2.0,6.0,2.0,2.0,2.0,2.0,2.2,综合评价：该文本是一篇简短的旅行攻略摘要，以实用信息为主，缺乏情感表达、场景描绘和个人故事，共情力极低。优势在于信息明确、结构清晰，但几乎无法唤起读者的情感共鸣。若想提升共情力，需增加个人经历细节、内心感受和环境描写，使读者能代入角色体验。,deepseek-chat
7ac21d279bed8c79,"18岁的暑假 我solotrip了日本18天 大阪 京都 横滨 镰仓 箱根 东京 看了花火大会 办了usj年卡 在京都青旅认识了三个很好的姐姐 在横滨留下了很美好的记忆 在箱根很平静地度过 没想到不太喜欢东京 体验了夜行巴士、青旅。也在旅途中遇到了奇怪的人,但完美处理了。还经历了暴雨天的usj,没想到还挺好玩。没想到在京都认识的姐姐居然能在东京横滨相约见面,还一起看花火大会,一兰拉面就是我们的刷新点。 好开心 日本就像是我的乌托邦 我好开心 独自旅行 solotrip 日本 世界这本书我又多读了一页",18岁的暑假 我solotrip了日本18天,"大阪 京都 横滨 镰仓 箱根 东京 看了花火大会 办了usj年卡 在京都青旅认识了三个很好的姐姐 在横滨留下了很美好的记忆 在箱根很平静地度过 没想到不太喜欢东京 体验了夜行巴士、青旅。也在旅途中遇到了奇怪的人,但完美处理了。还经历了暴雨天的usj,没想到还挺好玩。没想到在京都认识的姐姐居然能在东京横滨相约见面,还一起看花火大会,一兰拉面就是我们的刷新点。 好开心 日本就像是我的乌托邦 我好开心 独自旅行 solotrip 日本 世界这本书我又多读了一页",252,一个人旅行,2,旅行游记,一个人旅行,89,610,raw_real_texts3.csv,6.0,6.0,6.0,6.0,8.0,8.0,8.0,6.0,6.0,6.24,该文本以积极乐观的笔触记录了18天日本独自旅行的经历，情感基调明亮，情节丰富，但情感和环境描写较为概括，缺乏细腻的细节刻画。角色脆弱性不足，认知思考深度有限，但整体能传递出旅行的愉悦和成长感，能唤起读者对自由旅行的向往。,deepseek-chat
b417486e08eb1be6,"一个人旅行确实需要很大的勇气 这是我第一次一个人出来玩,总想着趁年轻多出去走走。下午才到洛阳,晚上去应天门转了一圈,晚上给我冷傻了。回来的路上买了很多吃的,到了民宿里空空的很安静,冷风吹多了负面情绪乘虚而入,突然觉得有点孤独想找人说话,而且我有点害怕[捂脸R][捂脸R][捂脸R]这个是重点[泪崩R][泪崩R]啊啊啊啊啊啊 独自旅行[话题] 我怕的不是孤单没人陪,我是真的有点胆小,一到晚上安安静静的,房间里一点声音都没有,就会想起小时候看的恐怖片,越想越害怕,我最怕的是这个[捂脸R]昨天洗头眼睛都不敢闭哈哈哈哈 上个暑假回家,我每天最害怕的就是睡觉,一闭上眼睛心跳就格外清晰,一点点动静就会吓得我头皮发麻,每天要熬到足够困能马上睡着才会睡觉。(当然,我这种行为表现肯定是有现实原因的)。这次寒假回去比之前好很多,没有那么夸张。虽说20岁了,但是我还是很胆小啊[笑哭R][笑哭R][哭惹R]有人懂吗,我还在网上一直问怎么办",一个人旅行确实需要很大的勇气,"这是我第一次一个人出来玩,总想着趁年轻多出去走走。下午才到洛阳,晚上去应天门转了一圈,晚上给我冷傻了。回来的路上买了很多吃的,到了民宿里空空的很安静,冷风吹多了负面情绪乘虚而入,突然觉得有点孤独想找人说话,而且我有点害怕[捂脸R][捂脸R][捂脸R]这个是重点[泪崩R][泪崩R]啊啊啊啊啊啊 独自旅行[话题] 我怕的不是孤单没人陪,我是真的有点胆小,一到晚上安安静静的,房间里一点声音都没有,就会想起小时候看的恐怖片,越想越害怕,我最怕的是这个[捂脸R]昨天洗头眼睛都不敢闭哈哈哈哈 上个暑假回家,我每天最害怕的就是睡觉,一闭上眼睛心跳就格外清晰,一点点动静就会吓得我头皮发麻,每天要熬到足够困能马上睡着才会睡觉。(当然,我这种行为表现肯定是有现实原因的)。这次寒假回去比之前好很多,没有那么夸张。虽说20岁了,但是我还是很胆小啊[笑哭R][笑哭R][哭惹R]有人懂吗,我还在网上一直问怎么办",412,一个人旅行,2,旅行游记,一个人旅行,25,597,raw_real_texts2.csv,6.0,6.0,6.0,6.0,4.0,4.0,2.0,4.0,4.0,5.6,综合评价：该文本真实地记录了独自旅行中的孤独与恐惧，情感表达坦诚，但缺乏生动的细节和深度描写，导致情感感染力有限。环境描写和情节体量较为单薄，削弱了代入感。矛盾未解决，角色发展不明显，整体情绪偏悲观。若能增加感官细节、深化内心反思，并展现一定的情绪转变或成长，将更能引发读者共情。,deepseek-chat
bf440b5b2398298a,"好想一个人旅游,但是有点害怕 。 旅游[话题] solotrip[话题] 旅行推荐官[话题] 有想法轻松法[话题] 独立[话题] 女性[话题]",,"好想一个人旅游,但是有点害怕 。 旅游[话题] solotrip[话题] 旅行推荐官[话题] 有想法轻松法[话题] 独立[话题] 女性[话题]",71,一个人旅行,2,旅行游记,一个人旅行,27,383,raw_real_texts2.csv,2.0,2.0,2.0,2.0,4.0,2.0,2.0,2.0,2.0,2.1,该文本极其简短，仅表达了对独自旅游的向往与恐惧，情感表达笼统，缺乏具体细节和叙事展开。在情感生动性、环境描绘、角色脆弱性等核心维度上均表现不足，难以唤起读者深度共情。文本的优势在于真实反映了内心的矛盾，但整体信息量过少，限制了共情潜力的发挥。建议丰富个人化经历、具体场景和情感细节，以增强感染力。,deepseek-chat
f195ea30a1cd59b6,"济州岛solotrip|五天四晚不到3k5 先说开销: 4.5-4.9共五天四晚。 机票去程济州回程春秋,背包是Reebok26.4L的,回程没有被卡,查的不严。 除了前两晚在市区住青旅以外不穷游,总共花费3k4左右。 住宿: 前两晚住典农路附近的jeju guesthouse,二人间青旅,第一晚舍友是中国人,第二晚是台湾人。除了隔音不是太好,早上会被吵醒以外,别的地方都很好,早上有简单的早餐。 后两晚住西归浦的cornerstone hotel,性价比好高,窗景可以看到海很漂亮~ 徒步路线: 从到达济州岛的第二个整天开始徒步偶来小路,最后一天暴雨,所以有效行程只有三天。 day1:1&1-1 day2:6 day3:10 不太喜欢人多的地方所以没有去7号线,强推6号反穿,趣味性和风景都好,而且这是最短的一条,新手友好。 饮食如图所示啦,确实没吃到什么太好吃的东西。 有问题可以留言我会解答~ solotrip 旅游攻略 济州岛 出国 韩国 攻略 背包",济州岛solotrip|五天四晚不到3k5,"先说开销: 4.5-4.9共五天四晚。 机票去程济州回程春秋,背包是Reebok26.4L的,回程没有被卡,查的不严。 除了前两晚在市区住青旅以外不穷游,总共花费3k4左右。 住宿: 前两晚住典农路附近的jeju guesthouse,二人间青旅,第一晚舍友是中国人,第二晚是台湾人。除了隔音不是太好,早上会被吵醒以外,别的地方都很好,早上有简单的早餐。 后两晚住西归浦的cornerstone hotel,性价比好高,窗景可以看到海很漂亮~ 徒步路线: 从到达济州岛的第二个整天开始徒步偶来小路,最后一天暴雨,所以有效行程只有三天。 day1:1&1-1 day2:6 day3:10 不太喜欢人多的地方所以没有去7号线,强推6号反穿,趣味性和风景都好,而且这是最短的一条,新手友好。 饮食如图所示啦,确实没吃到什么太好吃的东西。 有问题可以留言我会解答~ solotrip 旅游攻略 济州岛 出国 韩国 攻略 背包",431,一个人旅行,2,旅行游记,一个人旅行,74,381,raw_real_texts3.csv,2.0,6.0,2.0,2.0,6.0,4.0,4.0,2.0,2.0,2.94,该文本是一篇典型的旅行攻略分享，以实用信息为主，如开销、住宿、路线等，缺乏情感表达和个人叙事，导致共情力较低。优势在于信息清晰、对读者有实用价值，但未能唤起读者情感共鸣。建议增加个人感受、困难经历或反思，以提升文本的共情力。,deepseek-chat
7e323d6f87872c80,在槟城solotrip的几日 太难忘了。 大概是时隔了很久才有机会独自旅行 全程轻松悠闲 吃的好喝的好 每天睡到自然醒 也可能是这些天遇到了太多友善的人和巧合的事 我对这个南洋小城的回忆比出发前的预期好很多 好像还能听到铲子在炭火铁锅上铿铿划过的声音 各种语言语调巧妙又自然的杂糅在一起 看到五颜六色的花砖 斑驳的骑楼 狭长的屋舍 - 可惜因为时间安排 错过了岛读 没搜刮上城视报 桥头面 咖喱面....好些标注的餐厅没吃上 也好 留下一些小小的遗憾 这样就可以下次再见 - 在返程的飞机上看完了《老派少女购物路线》 好巧不巧 最后个一章节竟恰好在讲南洋 槟城无疑多次出现 不同的视角让我更有兴趣了 篇末的这段话看得我愣了几秒。 作为这次旅行的收尾太适合不过了(p12) 槟城 槟城美食 槟城探店 槟城旅行 当我的旅行变得随性 老派少女购物路线 旅行碎片 solotrip,在槟城solotrip的几日,太难忘了。 大概是时隔了很久才有机会独自旅行 全程轻松悠闲 吃的好喝的好 每天睡到自然醒 也可能是这些天遇到了太多友善的人和巧合的事 我对这个南洋小城的回忆比出发前的预期好很多 好像还能听到铲子在炭火铁锅上铿铿划过的声音 各种语言语调巧妙又自然的杂糅在一起 看到五颜六色的花砖 斑驳的骑楼 狭长的屋舍 - 可惜因为时间安排 错过了岛读 没搜刮上城视报 桥头面 咖喱面....好些标注的餐厅没吃上 也好 留下一些小小的遗憾 这样就可以下次再见 - 在返程的飞机上看完了《老派少女购物路线》 好巧不巧 最后个一章节竟恰好在讲南洋 槟城无疑多次出现 不同的视角让我更有兴趣了 篇末的这段话看得我愣了几秒。 作为这次旅行的收尾太适合不过了(p12) 槟城 槟城美食 槟城探店 槟城旅行 当我的旅行变得随性 老派少女购物路线 旅行碎片 solotrip,386,一个人旅行,2,旅行游记,一个人旅行,83,301,raw_real_texts3.csv,6.0,6.0,6.0,6.0,8.0,6.0,6.0,6.0,6.0,6.1,该文本以旅行随笔形式记录了槟城之旅，情感真挚但表达较为平实，环境描写和情感刻画均有一定生动性但未达到强烈共鸣。作者通过遗憾与阅读感悟展现了适度的认知思考，整体语气乐观积极。文本在角色脆弱性和情绪转变上表现较弱，缺乏深层情感冲击，但作为一篇轻松游记，能唤起读者对旅行体验的共鸣。,deepseek-chat
0ff24c5d403a6d13,六月中旬(6.15-6.20) 女生一个人solo trip 有城市推荐吗 howto一个人旅行 P人友好旅行 一个人去哪 女性独自旅行 一个人去陌生城市 自由行旅游 推荐一个好地方,六月中旬(6.15-6.20) 女生一个人solo trip 有城市推荐吗 howto一个人旅行 P人友好旅行 一个人去哪 女性独自旅行 一个人去陌生城市 自由行旅游 推荐一个好地方,六月中旬(6.15-6.20) 女生一个人solo trip 有城市推荐吗 howto一个人旅行 P人友好旅行 一个人去哪 女性独自旅行 一个人去陌生城市 自由行旅游 推荐一个好地方,91,一个人旅行,2,旅行游记,一个人旅行,73,288,raw_real_texts3.csv,2.0,2.0,2.0,2.0,6.0,2.0,2.0,2.0,2.0,2.2,综合评价：该文本为典型的社交媒体旅行咨询帖，内容高度功能化，缺乏叙事性和情感表达。在共情力评估中，所有维度得分均处于低分段，因为文本未提供任何故事元素、情感细节或个人经历。其优势在于明确传达了用户需求，但作为叙事文本，几乎无法唤起读者共情。若要提升共情力，需补充个人动机、情感体验或具体场景描述。,deepseek-chat
5e436e92a9ee2645,"滇藏线 公共交通自由行照片(附攻略) 每个地方呆1-7天,总用时29天,交通总花费1700.5元,住宿总花费1471元。 具体路线、交通、行住花销及注意事项见下面引用笔记 惊喜小建议: 1.梅里雪山到芒康建议坐在行进方向的左边靠窗,一路看梅里雪山、澜沧江。 2.在芒康呆一天,挑选一个中意的山坡开爬,可以看到连绵的草原,闲适的牛、马儿,随风而动的经幡和转经筒,无比的宁静,还有蘑菇可采哦。 3.从芒康坐大巴,建议到然乌下,因为到然乌已经天黑了,而然乌到波密段的风景很美,天黑了就什么也看不到了。也可以留一天在然乌近看然乌湖和来古冰川。 滇藏线 公共交通 自由行 一个人旅行 我是地球背包客 与高原同频呼吸",滇藏线 公共交通自由行照片(附攻略),"每个地方呆1-7天,总用时29天,交通总花费1700.5元,住宿总花费1471元。 具体路线、交通、行住花销及注意事项见下面引用笔记 惊喜小建议: 1.梅里雪山到芒康建议坐在行进方向的左边靠窗,一路看梅里雪山、澜沧江。 2.在芒康呆一天,挑选一个中意的山坡开爬,可以看到连绵的草原,闲适的牛、马儿,随风而动的经幡和转经筒,无比的宁静,还有蘑菇可采哦。 3.从芒康坐大巴,建议到然乌下,因为到然乌已经天黑了,而然乌到波密段的风景很美,天黑了就什么也看不到了。也可以留一天在然乌近看然乌湖和来古冰川。 滇藏线 公共交通 自由行 一个人旅行 我是地球背包客 与高原同频呼吸",302,一个人旅行,2,旅行游记,一个人旅行,87,248,raw_real_texts3.csv,2.0,6.0,2.0,2.0,6.0,4.0,4.0,2.0,2.0,2.94,综合评价：该文本为典型的旅行攻略，侧重于实用信息分享，缺乏情感叙事和个人体验的深度挖掘。在情感生动性、角色脆弱性和认知表述方面得分较低，难以唤起读者共情。环境描写虽有一定具体性，但未形成沉浸感。整体而言，文本功能性较强，共情力较弱，建议增加个人感受、心理活动及故事性元素以提升共情效果。,deepseek-chat
0493115218d64697,"越来越喜欢solo trip 本来这次去 东北的旅行是计划和朋友一起,但因为一些突发事件变成了solo trip,在整理照片的时候,才发现自己真的很享受独自旅行的状态。 独自面对一切随机事件—— 比如搭错电车耽误了2小时,随机前往了另一个城市;比如找不到巴士站台着急得不行,被当地人的善意所接住... 现在想起来,每一件事都有个圆满的结局,很了不起欸(夸夸我自己)。 在独旅的过程中,没有出片kpi,和自己对话,和世界对话,会为每个「一期一会」深深感动。因为人终究会回归到独身时刻,到最后都是和自己相处。 在独旅的时候会更喜欢我的「高敏感」,每天都在被不同程度的美浸润着,所有感官都在被数万倍的激发和放大,无数次觉得我是真的好幸福—— 赶上每一辆电车的时候; 坐在海边午餐的时候; 在奥入濑溪边吃苹果派的时候; 在雨过天晴抬头看到晚霞云的时候; 在青森县立美术馆和青森犬对视的时候; 奔走了一天之后坐在店里喝生啤的时候... 独旅真的是INFJzui好的充电方式之一。 独自旅行 一个人走走停停 旅行的意义是找到自己 一个人也可以去很多地方 在旅行中找自己 infj 日本 一个人的旅行 我的旷野时分",越来越喜欢solo trip,"本来这次去 东北的旅行是计划和朋友一起,但因为一些突发事件变成了solo trip,在整理照片的时候,才发现自己真的很享受独自旅行的状态。 独自面对一切随机事件—— 比如搭错电车耽误了2小时,随机前往了另一个城市;比如找不到巴士站台着急得不行,被当地人的善意所接住... 现在想起来,每一件事都有个圆满的结局,很了不起欸(夸夸我自己)。 在独旅的过程中,没有出片kpi,和自己对话,和世界对话,会为每个「一期一会」深深感动。因为人终究会回归到独身时刻,到最后都是和自己相处。 在独旅的时候会更喜欢我的「高敏感」,每天都在被不同程度的美浸润着,所有感官都在被数万倍的激发和放大,无数次觉得我是真的好幸福—— 赶上每一辆电车的时候; 坐在海边午餐的时候; 在奥入濑溪边吃苹果派的时候; 在雨过天晴抬头看到晚霞云的时候; 在青森县立美术馆和青森犬对视的时候; 奔走了一天之后坐在店里喝生啤的时候... 独旅真的是INFJzui好的充电方式之一。 独自旅行 一个人走走停停 旅行的意义是找到自己 一个人也可以去很多地方 在旅行中找自己 infj 日本 一个人的旅行 我的旷野时分",500,一个人旅行,2,旅行游记,一个人旅行,85,236,raw_real_texts3.csv,10.0,6.0,6.0,10.0,8.0,6.0,8.0,8.0,6.0,8.54,综合评价：该文本以细腻的感官描写和深刻的自我反思，成功唤起读者对独旅的向往和共鸣。情感生动性突出，认知丰富，但环境描写和情节体量稍显不足，削弱了沉浸感。整体语气积极，角色成长明显，共情力较强，尤其适合INFJ等内向型读者。,deepseek-chat
e723547187eb1d47,喜欢独自旅行的都是什么MBTI 我先来 我是enfj 但是我不太敢和陌生人搭话诶 因为怕一个人不安全! howto一个人旅行[话题] 人生壮游之solotrip[话题] 独自旅行[话题] 一个人去旅游[话题] 谁说旅游不能一个人[话题] 一个人旅行[话题] 一个人旅行有多酷[话题] 旅行是寻找自己[话题] 一个人去哪[话题],喜欢独自旅行的都是什么MBTI,我先来 我是enfj 但是我不太敢和陌生人搭话诶 因为怕一个人不安全! howto一个人旅行[话题] 人生壮游之solotrip[话题] 独自旅行[话题] 一个人去旅游[话题] 谁说旅游不能一个人[话题] 一个人旅行[话题] 一个人旅行有多酷[话题] 旅行是寻找自己[话题] 一个人去哪[话题],163,一个人旅行,2,旅行游记,一个人旅行,30,199,raw_real_texts2.csv,2.0,2.0,6.0,2.0,6.0,4.0,2.0,2.0,2.0,2.68,该文本作为社交媒体帖子，内容简短，以提问和标签为主，缺乏具体叙事和情感细节，导致共情唤起能力较弱。优势在于作者坦诚分享了个人性格和担忧，能引发部分读者共鸣，但整体生动性、认知深度和情节丰富度不足，难以让读者产生强烈情感投入。建议增加具体旅行经历、环境描写和内心感受的刻画，以提升共情力。,deepseek-chat
718f7dbff2a52ed5,千万不要一个人去旅行! 千万別相信网上的博主说一个人旅游很美好 前提是你要有强大的心理素质 独自穿梭在陌生的城市 你需要有极强的解決问题 和策划能力这很容易让人怀疑自我 当然如果你强大到能独自克服这些 那恭喜你 唯一的缺点就只剩下自己一个人吃不了太多东西 一个人出发是对自由的热爱[话题] 谁说旅游不能一个人[话题] 一个人也可以去很多地方[话题] 香格里拉[话题],千万不要一个人去旅行!,千万別相信网上的博主说一个人旅游很美好 前提是你要有强大的心理素质 独自穿梭在陌生的城市 你需要有极强的解決问题 和策划能力这很容易让人怀疑自我 当然如果你强大到能独自克服这些 那恭喜你 唯一的缺点就只剩下自己一个人吃不了太多东西 一个人出发是对自由的热爱[话题] 谁说旅游不能一个人[话题] 一个人也可以去很多地方[话题] 香格里拉[话题],183,一个人旅行,2,旅行游记,一个人旅行,31,126,raw_real_texts2.csv,6.0,2.0,6.0,6.0,6.0,4.0,8.0,6.0,6.0,5.38,该文本以个人经验分享形式探讨独自旅行，情感真实但表达较为概括，缺乏生动的场景和细节描写，削弱了共情感染力。作者坦露了自我怀疑和孤独，但脆弱性挖掘不深，认知反思也较浅。语气从悲观转向积极，矛盾解决较彻底，但情节体量小，角色发展有限。整体上，文本能引发读者对独自旅行的共鸣，但在情感细腻度和叙事丰富度上仍有提升空间。,deepseek-chat
9347b251b29f9872,"我个人对于solotrip的一些看法 我觉得没必要把solotrip说得那么高大上,怎么舒服怎么来就行。想一个人走就一个人走,不想一个人就约朋友,别被网上那套绑架了。其实用didi打个清新车,跟司机说去一个你觉得最好玩的公园,漫无目的地走走,也算是solotrip了。不一定非要出国才叫一个人旅行。 我说几个实在的建议,我之前一个人去新马泰,去了之后才发现网上有些帖子说得太夸张了,很多帖子都写要冒险要体验之类的,但是我觉得对于女生一个人旅游来说,很多帖子都不实用。 第一,不要搞穷游。不是说不可以住青旅,而是手上最好多留点钱。我遇到过航班取消、酒店临时没房、被司机多收钱这些事。准备的钱最好是你预算的一倍,不然遇到突发状况会很慌。 第二,女生最好多考虑一下。我在吉隆坡就被人盯过,白天也不算很偏的地方。如果你年纪不大,性格也不是那种能硬气回怼的类型,一个人出门还是要慎重。 第三,突发状况真的很多。比如赶不上车、手机没电找不到路、订好的房间出问题。如果你容易焦虑,整趟旅行会变得很累。 不过一个人旅行也有好的地方。时间都是你自己的,想几点出门就几点出门。想吃什么吃什么,想去哪里去哪里,不用商量也不用迁就。 独自旅行[话题] solotrip[话题] 旅游[话题] 旅行[话题] 出去玩[话题] 生活[话题] 碎碎念[话题] 分享[话题] 我的出行方式[话题]",我个人对于solotrip的一些看法,"我觉得没必要把solotrip说得那么高大上,怎么舒服怎么来就行。想一个人走就一个人走,不想一个人就约朋友,别被网上那套绑架了。其实用didi打个清新车,跟司机说去一个你觉得最好玩的公园,漫无目的地走走,也算是solotrip了。不一定非要出国才叫一个人旅行。 我说几个实在的建议,我之前一个人去新马泰,去了之后才发现网上有些帖子说得太夸张了,很多帖子都写要冒险要体验之类的,但是我觉得对于女生一个人旅游来说,很多帖子都不实用。 第一,不要搞穷游。不是说不可以住青旅,而是手上最好多留点钱。我遇到过航班取消、酒店临时没房、被司机多收钱这些事。准备的钱最好是你预算的一倍,不然遇到突发状况会很慌。 第二,女生最好多考虑一下。我在吉隆坡就被人盯过,白天也不算很偏的地方。如果你年纪不大,性格也不是那种能硬气回怼的类型,一个人出门还是要慎重。 第三,突发状况真的很多。比如赶不上车、手机没电找不到路、订好的房间出问题。如果你容易焦虑,整趟旅行会变得很累。 不过一个人旅行也有好的地方。时间都是你自己的,想几点出门就几点出门。想吃什么吃什么,想去哪里去哪里,不用商量也不用迁就。 独自旅行[话题] solotrip[话题] 旅游[话题] 旅行[话题] 出去玩[话题] 生活[话题] 碎碎念[话题] 分享[话题] 我的出行方式[话题]",581,一个人旅行,2,旅行游记,一个人旅行,33,110,raw_real_texts2.csv,2.0,2.0,6.0,6.0,6.0,4.0,4.0,2.0,2.0,3.06,该文本是一篇关于独自旅行的经验分享，以实用建议为主，情感表达较为克制，缺乏生动的场景和情感细节，导致读者难以产生强烈的情绪共鸣。作者虽透露了作为女性旅行者的担忧和脆弱，但整体叙事理性，未深入挖掘个人内心世界。文本在认知层面有一定深度，但情节性和情绪转变不足，使得共情力整体偏低。若能增加具体故事和情感描写，将更易唤起读者共情。,deepseek-chat
ce6937d3dcce7e14,"18岁|一个人的旅行能力=她的社会化程度 ️ 1. 做攻略,是信息筛选能力 规划路线、查交通、选酒店、看评价 2. 做选择,是决策力 旅行中时间、金钱、体力都有限 3. 问路沟通,是社交能力 问路、打听、拼车、谈价、求助 4. 看见不同生活,是眼界 有人骑车穿越沙漠,有人边旅行边做义工 5. 出意外,是风险应对能力 旅行会让你明白,计划不可能永远完美 6. 接触陌生人,是阅人能力 旅行里会遇到善意,也会遇到冷漠和欺骗。 7.独处赶路,是自我认知的过程 howto一个人旅行[话题] 高精力友好旅行[话题] 一万种旅行howto[话题] 看世界[话题] 旅游万粉扶持计划[话题] 大学生[话题] 出国旅游[话题] 背包客[话题] 户外徒步[话题] 07[话题]",18岁|一个人的旅行能力=她的社会化程度 ️,"1. 做攻略,是信息筛选能力 规划路线、查交通、选酒店、看评价 2. 做选择,是决策力 旅行中时间、金钱、体力都有限 3. 问路沟通,是社交能力 问路、打听、拼车、谈价、求助 4. 看见不同生活,是眼界 有人骑车穿越沙漠,有人边旅行边做义工 5. 出意外,是风险应对能力 旅行会让你明白,计划不可能永远完美 6. 接触陌生人,是阅人能力 旅行里会遇到善意,也会遇到冷漠和欺骗。 7.独处赶路,是自我认知的过程 howto一个人旅行[话题] 高精力友好旅行[话题] 一万种旅行howto[话题] 看世界[话题] 旅游万粉扶持计划[话题] 大学生[话题] 出国旅游[话题] 背包客[话题] 户外徒步[话题] 07[话题]",331,一个人旅行,2,旅行游记,一个人旅行,24,62,raw_real_texts2.csv,2.0,2.0,2.0,6.0,6.0,4.0,4.0,4.0,2.0,2.72,该文本以清单式总结旅行能力，理性分析有余而情感共鸣不足。在情感生动性、环境描写和角色脆弱性方面均显薄弱，缺乏具体故事和细节支撑，难以唤起读者共情。认知表述和语气中性，但整体叙事性弱，情节体量和情绪转变均较低。若增加个人经历、情感细节和矛盾解决过程，可显著提升共情力。,deepseek-chat
3c0031898a8f2039,"二十岁女大印尼solo trip 科莫多船宿篇 1.关于登机: 一定要看好,飞国内航班,有提示标志:domestic airport.机场不大,一定不要走错,找不到地方就多问工作人员。建议提早一个小时到达。 2.关于船宿2d1 我是提前在小红书预订了当地的向导,但是我预订的船和他给我的船不一样...所以预订船时一定要问清..价格基本在最低1900k—上不封顶,1900k肯定环境很差了。我睡的地方价位在2300k大床房。一股机油味,床也是受潮了。如图3 3.关于安排 因为我预订的是两天一夜的船宿,就是跟着水手和向导的安排。时间总体不赶,海浪不大所以没有很大的颠簸。但我不会忘记凌晨四点把我们叫起来爬帕达尔岛看日出,不过真的很惊艳!爬山路途有很多欧美帅哥hhh还有再次强调:一定要订环境好些的船宿!!! 4.安全 *记得穿运动鞋或登山鞋,有爬山项目。有些山真的很野。 *不擅长游泳记得告知向导。向导会全程陪在旁边。**浮潜的话可以带上消炎膏,一定要小心珊瑚,容易被刮伤,一起去的都或多或少被刮伤,刮伤就涂药。 *浮潜如果不舒服一定要和向导说,就抓紧上船。 *关于游玩 最让我惊艳的其实是蝙蝠日落?如图二,海面上的船都在等着蝙蝠归巢,且蝙蝠也不负众望还我们这么美的景色。 总结:风景很值得一去!对环境有些要求就住贵些的船宿或者不船宿直接快艇一日游。",二十岁女大印尼solo trip 科莫多船宿篇,"1.关于登机: 一定要看好,飞国内航班,有提示标志:domestic airport.机场不大,一定不要走错,找不到地方就多问工作人员。建议提早一个小时到达。 2.关于船宿2d1 我是提前在小红书预订了当地的向导,但是我预订的船和他给我的船不一样...所以预订船时一定要问清..价格基本在最低1900k—上不封顶,1900k肯定环境很差了。我睡的地方价位在2300k大床房。一股机油味,床也是受潮了。如图3 3.关于安排 因为我预订的是两天一夜的船宿,就是跟着水手和向导的安排。时间总体不赶,海浪不大所以没有很大的颠簸。但我不会忘记凌晨四点把我们叫起来爬帕达尔岛看日出,不过真的很惊艳!爬山路途有很多欧美帅哥hhh还有再次强调:一定要订环境好些的船宿!!! 4.安全 *记得穿运动鞋或登山鞋,有爬山项目。有些山真的很野。 *不擅长游泳记得告知向导。向导会全程陪在旁边。**浮潜的话可以带上消炎膏,一定要小心珊瑚,容易被刮伤,一起去的都或多或少被刮伤,刮伤就涂药。 *浮潜如果不舒服一定要和向导说,就抓紧上船。 *关于游玩 最让我惊艳的其实是蝙蝠日落?如图二,海面上的船都在等着蝙蝠归巢,且蝙蝠也不负众望还我们这么美的景色。 总结:风景很值得一去!对环境有些要求就住贵些的船宿或者不船宿直接快艇一日游。",574,一个人旅行,2,旅行游记,一个人旅行,79,48,raw_real_texts3.csv,6.0,6.0,6.0,6.0,8.0,6.0,6.0,4.0,6.0,6.04,综合评价：该文本以实用攻略为主，情感表达较为克制，但能通过具体经历（如船宿条件差、日出惊艳）引发读者对旅行体验的共鸣。优势在于提供了真实细节和实用建议，增强了可信度；不足在于情感深度和认知反思有限，削弱了共情感染力。整体上，文本能唤起读者对目的地的兴趣，但在情感共鸣层面仍有提升空间。,deepseek-chat
